image_path,steering_angle,method
images/video01_img_00000.jpg,-0.15542452830188674,two_lines
images/video01_img_00001.jpg,-0.06132075471698113,two_lines
images/video01_img_00002.jpg,-0.008254716981132075,two_lines
images/video01_img_00003.jpg,0.07547169811320754,left_line_only
images/video01_img_00004.jpg,0.18484669811320756,two_lines
images/video01_img_00005.jpg,0.16863207547169812,two_lines
images/video01_img_00006.jpg,0.16627358490566038,two_lines
images/video01_img_00007.jpg,0.16981132075471697,two_lines
images/video01_img_00008.jpg,0.17022405660377188,two_lines
images/video01_img_00009.jpg,0.15395047169811316,two_lines
images/video01_img_00010.jpg,0.15919811320754718,two_lines
images/video01_img_00011.jpg,0.1509433962264151,two_lines
images/video01_img_00012.jpg,0.12700471698113214,two_lines
images/video01_img_00013.jpg,0.08608490566037735,two_lines
images/video01_img_00014.jpg,0.0625,two_lines
images/video01_img_00015.jpg,0.06132075471698113,two_lines
images/video01_img_00016.jpg,0.06721698113207547,two_lines
images/video01_img_00017.jpg,0.07547169811320754,two_lines
images/video01_img_00018.jpg,0.07900943396226415,two_lines
images/video01_img_00019.jpg,0.08844339622641509,two_lines
images/video01_img_00020.jpg,0.08490566037735849,two_lines
images/video01_img_00021.jpg,0.08608490566037735,two_lines
images/video01_img_00022.jpg,0.09209905660377361,two_lines
images/video01_img_00023.jpg,0.11910377358490566,two_lines
images/video01_img_00024.jpg,0.16745283018867924,two_lines
images/video01_img_00025.jpg,0.11438679245283019,two_lines
images/video01_img_00026.jpg,0.10023584905660378,two_lines
images/video01_img_00027.jpg,0.09905660377358491,two_lines
images/video01_img_00028.jpg,0.1721698113207547,two_lines
images/video01_img_00029.jpg,0.12582547169811326,two_lines
images/video01_img_00030.jpg,0.125,two_lines
images/video01_img_00031.jpg,0.25943396226415094,two_lines
images/video01_img_00032.jpg,0.2641509433962264,two_lines
images/video01_img_00033.jpg,0.2617924528301887,two_lines
images/video01_img_00034.jpg,0.2205188679245283,two_lines
images/video01_img_00035.jpg,0.20872641509433962,two_lines
images/video01_img_00036.jpg,0.060141509433962265,two_lines
images/video01_img_00037.jpg,0.008254716981132075,two_lines
images/video01_img_00038.jpg,-0.06485849056603774,two_lines
images/video01_img_00039.jpg,0.16981132075471697,two_lines
images/video01_img_00040.jpg,0.12523584905660035,two_lines
images/video01_img_00041.jpg,0.1214622641509434,two_lines
images/video01_img_00042.jpg,0.08254716981132075,two_lines
images/video01_img_00043.jpg,0.07311320754716981,two_lines
images/video01_img_00044.jpg,0.05188679245283019,two_lines
images/video01_img_00045.jpg,0.045990566037735846,two_lines
images/video01_img_00046.jpg,0.02830188679245283,two_lines
images/video01_img_00047.jpg,0.02240566037735849,two_lines
images/video01_img_00048.jpg,0.01061320754716981,two_lines
images/video01_img_00049.jpg,0.0047169811320754715,two_lines
images/video01_img_00050.jpg,0.02358490566037736,two_lines
images/video01_img_00051.jpg,0.02240566037735849,two_lines
images/video01_img_00052.jpg,0.025943396226415096,two_lines
images/video01_img_00053.jpg,0.045990566037735846,two_lines
images/video01_img_00054.jpg,0.04168632075471701,two_lines
images/video01_img_00055.jpg,0.03537735849056604,two_lines
images/video01_img_00056.jpg,0.02240566037735849,two_lines
images/video01_img_00057.jpg,0.01179245283018868,two_lines
images/video01_img_00058.jpg,0.012971698113207548,two_lines
images/video01_img_00059.jpg,0.027712264150943397,two_lines
images/video01_img_00060.jpg,0.04009433962264151,two_lines
images/video01_img_00061.jpg,0.04245283018867924,two_lines
images/video01_img_00062.jpg,0.030660377358490566,two_lines
images/video01_img_00063.jpg,0.036556603773584904,two_lines
images/video01_img_00064.jpg,0.025943396226415096,two_lines
images/video01_img_00065.jpg,0.024764150943396228,two_lines
images/video01_img_00066.jpg,0.03537735849056604,two_lines
images/video01_img_00067.jpg,0.03891509433962264,two_lines
images/video01_img_00068.jpg,0.07783018867924528,two_lines
images/video01_img_00069.jpg,0.09905660377358491,two_lines
images/video01_img_00070.jpg,0.10023584905660378,two_lines
images/video01_img_00071.jpg,0.10259433962264151,two_lines
images/video01_img_00072.jpg,0.09433962264150944,two_lines
images/video01_img_00073.jpg,0.10141509433962265,two_lines
images/video01_img_00074.jpg,0.12617924528301888,two_lines
images/video01_img_00075.jpg,0.17099056603773585,two_lines
images/video01_img_00076.jpg,0.1179245283018868,two_lines
images/video01_img_00077.jpg,0.16391509433962265,two_lines
images/video01_img_00078.jpg,0.17570754716981132,two_lines
images/video01_img_00079.jpg,0.20400943396226415,two_lines
images/video01_img_00080.jpg,0.20518867924528303,two_lines
images/video01_img_00081.jpg,0.19811320754716982,two_lines
images/video01_img_00082.jpg,0.2134433962264151,two_lines
images/video01_img_00083.jpg,0.22287735849056603,two_lines
images/video01_img_00084.jpg,0.23113207547169812,two_lines
images/video01_img_00085.jpg,0.2205188679245283,two_lines
images/video01_img_00086.jpg,0.19339622641509435,two_lines
images/video01_img_00087.jpg,0.15330188679245282,two_lines
images/video01_img_00088.jpg,0.12382075471698113,two_lines
images/video01_img_00089.jpg,0.1733490566037736,two_lines
images/video01_img_00090.jpg,0.14976415094339623,two_lines
images/video01_img_00091.jpg,0.041273584905660375,two_lines
images/video01_img_00092.jpg,-0.06367924528301887,two_lines
images/video01_img_00093.jpg,-0.09787735849056604,two_lines
images/video01_img_00094.jpg,-0.06132075471698113,two_lines
images/video01_img_00095.jpg,-0.09551886792452831,two_lines
images/video01_img_00096.jpg,-0.09787735849056604,two_lines
images/video01_img_00097.jpg,-0.10495283018867925,two_lines
images/video01_img_00098.jpg,-0.1214622641509434,two_lines
images/video01_img_00099.jpg,-0.1303066037735849,two_lines
images/video01_img_00100.jpg,-0.07783018867924528,two_lines
images/video01_img_00101.jpg,-0.03891509433962264,two_lines
images/video01_img_00102.jpg,-0.054245283018867926,two_lines
images/video01_img_00103.jpg,-0.07075471698113207,two_lines
images/video01_img_00104.jpg,-0.08726415094339622,two_lines
images/video01_img_00105.jpg,-0.07582547169811316,two_lines
images/video01_img_00106.jpg,-0.05778301886792453,two_lines
images/video01_img_00107.jpg,-0.018867924528301886,two_lines
images/video01_img_00108.jpg,-0.1650943396226415,left_line_only
images/video01_img_00109.jpg,0.0695754716981132,two_lines
images/video01_img_00110.jpg,0.11084905660377359,two_lines
images/video01_img_00111.jpg,0.10849056603773585,two_lines
images/video01_img_00112.jpg,0.08844339622641509,two_lines
images/video01_img_00113.jpg,-0.01650943396226415,two_lines
images/video01_img_00114.jpg,-0.00589622641509434,two_lines
images/video01_img_00115.jpg,0.010908018867924528,two_lines
images/video01_img_00116.jpg,0.024764150943396228,two_lines
images/video01_img_00117.jpg,0.031839622641509434,two_lines
images/video01_img_00118.jpg,0.031839622641509434,two_lines
images/video01_img_00119.jpg,0.05188679245283019,two_lines
images/video01_img_00120.jpg,0.08962264150943396,two_lines
images/video01_img_00121.jpg,0.09198113207547169,two_lines
images/video01_img_00122.jpg,0.10849056603773585,two_lines
images/video01_img_00123.jpg,0.15135613207547172,two_lines
images/video01_img_00124.jpg,0.2099056603773585,two_lines
images/video01_img_00125.jpg,0.17570754716981132,two_lines
images/video01_img_00126.jpg,0.1804245283018868,two_lines
images/video01_img_00127.jpg,0.14858490566037735,two_lines
images/video01_img_00128.jpg,0.13679245283018868,two_lines
images/video01_img_00129.jpg,0.1403301886792453,two_lines
images/video01_img_00130.jpg,0.14622641509433962,two_lines
images/video01_img_00131.jpg,0.14976415094339623,two_lines
images/video01_img_00132.jpg,0.17099056603773585,two_lines
images/video01_img_00133.jpg,0.1650943396226415,two_lines
images/video01_img_00134.jpg,0.1650943396226415,two_lines
images/video01_img_00135.jpg,0.10141509433962265,two_lines
images/video01_img_00136.jpg,0.125,two_lines
images/video01_img_00137.jpg,0.13679245283018868,two_lines
images/video01_img_00138.jpg,0.1403301886792453,two_lines
images/video01_img_00139.jpg,0.1403301886792453,two_lines
images/video01_img_00140.jpg,0.14268867924528303,two_lines
images/video01_img_00141.jpg,0.1474056603773585,two_lines
images/video01_img_00142.jpg,0.14858490566037735,two_lines
images/video01_img_00143.jpg,0.14622641509433962,two_lines
images/video01_img_00144.jpg,0.1474056603773585,two_lines
images/video01_img_00145.jpg,0.15566037735849056,two_lines
images/video01_img_00146.jpg,0.1544811320754717,two_lines
images/video01_img_00147.jpg,0.15442216981132081,two_lines
images/video01_img_00148.jpg,0.1544811320754717,two_lines
images/video01_img_00149.jpg,0.1650943396226415,two_lines
images/video01_img_00150.jpg,0.15330188679245282,two_lines
images/video01_img_00151.jpg,0.16273584905660377,two_lines
images/video01_img_00152.jpg,0.1633844339622641,two_lines
images/video01_img_00153.jpg,0.18867924528301888,two_lines
images/video01_img_00154.jpg,0.19339622641509435,two_lines
images/video01_img_00155.jpg,0.20400943396226415,two_lines
images/video01_img_00156.jpg,0.21385613207547,two_lines
images/video01_img_00157.jpg,0.22169811320754718,two_lines
images/video01_img_00158.jpg,0.21385613207547,two_lines
images/video01_img_00159.jpg,0.2116155660377359,two_lines
images/video01_img_00160.jpg,0.21108490566037735,two_lines
images/video01_img_00161.jpg,0.20754716981132076,two_lines
images/video01_img_00162.jpg,0.2134433962264151,two_lines
images/video01_img_00163.jpg,0.2358490566037736,two_lines
images/video01_img_00164.jpg,0.23231132075471697,two_lines
images/video01_img_00165.jpg,0.22287735849056603,two_lines
images/video01_img_00166.jpg,0.23113207547169812,two_lines
images/video01_img_00167.jpg,0.23113207547169812,two_lines
images/video01_img_00168.jpg,0.22641509433962265,two_lines
images/video01_img_00169.jpg,0.22877358490566038,two_lines
images/video01_img_00170.jpg,0.2429245283018868,two_lines
images/video01_img_00171.jpg,0.25235849056603776,two_lines
images/video01_img_00172.jpg,0.2511792452830189,two_lines
images/video01_img_00173.jpg,0.23413915094339618,two_lines
images/video01_img_00174.jpg,0.24646226415094338,two_lines
images/video01_img_00175.jpg,0.2551886792452847,two_lines
images/video01_img_00176.jpg,0.25943396226415094,two_lines
images/video01_img_00177.jpg,0.23349056603773585,two_lines
images/video01_img_00178.jpg,0.23820754716981132,two_lines
images/video01_img_00179.jpg,0.24410377358490565,two_lines
images/video01_img_00180.jpg,0.23349056603773585,two_lines
images/video01_img_00181.jpg,0.2830188679245283,two_lines
images/video01_img_00182.jpg,0.2719929245283036,two_lines
images/video01_img_00183.jpg,0.24528301886792453,two_lines
images/video01_img_00184.jpg,0.24410377358490565,two_lines
images/video01_img_00185.jpg,0.25,two_lines
images/video01_img_00186.jpg,0.29009433962264153,left_line_only
images/video01_img_00187.jpg,0.2971698113207547,left_line_only
images/video01_img_00188.jpg,0.3018867924528302,left_line_only
images/video01_img_00189.jpg,0.30660377358490565,left_line_only
images/video01_img_00190.jpg,0.3278301886792453,left_line_only
images/video01_img_00191.jpg,0.33962264150943394,left_line_only
images/video01_img_00192.jpg,0.3466981132075472,left_line_only
images/video01_img_00193.jpg,0.33254716981132076,left_line_only
images/video01_img_00194.jpg,0.3136792452830189,left_line_only
images/video01_img_00195.jpg,0.29952830188679247,left_line_only
images/video01_img_00196.jpg,0.29245283018867924,left_line_only
images/video01_img_00197.jpg,0.3089622641509434,left_line_only
images/video01_img_00198.jpg,0.28030660377358496,two_lines
images/video01_img_00199.jpg,0.27004716981132076,two_lines
images/video01_img_00200.jpg,0.2794811320754717,two_lines
images/video01_img_00201.jpg,0.286497641509434,two_lines
images/video01_img_00202.jpg,0.29245283018867924,two_lines
images/video01_img_00203.jpg,0.29127358490566035,two_lines
images/video01_img_00204.jpg,0.2653301886792453,two_lines
images/video01_img_00205.jpg,0.2783018867924528,two_lines
images/video01_img_00206.jpg,0.2641509433962264,two_lines
images/video01_img_00207.jpg,0.2346698113207547,two_lines
images/video01_img_00208.jpg,0.21226415094339623,two_lines
images/video01_img_00209.jpg,0.19693396226415094,two_lines
images/video01_img_00210.jpg,0.21108490566037735,two_lines
images/video01_img_00211.jpg,0.2258844339622641,two_lines
images/video01_img_00212.jpg,0.20872641509433962,two_lines
images/video01_img_00213.jpg,0.18985849056603774,two_lines
images/video01_img_00214.jpg,0.16391509433962265,two_lines
images/video01_img_00215.jpg,0.20011792452830193,two_lines
images/video01_img_00216.jpg,0.2134433962264151,two_lines
images/video01_img_00217.jpg,0.22169811320754718,two_lines
images/video01_img_00218.jpg,0.23349056603773585,two_lines
images/video01_img_00219.jpg,0.20754716981132076,two_lines
images/video01_img_00220.jpg,0.21580188679245282,two_lines
images/video01_img_00221.jpg,0.21226415094339623,two_lines
images/video01_img_00222.jpg,0.21580188679245282,two_lines
images/video01_img_00223.jpg,0.21462264150943397,two_lines
images/video01_img_00224.jpg,0.2134433962264151,two_lines
images/video01_img_00225.jpg,0.21933962264150944,two_lines
images/video01_img_00226.jpg,0.2205188679245283,two_lines
images/video01_img_00227.jpg,0.2205188679245283,two_lines
images/video01_img_00228.jpg,0.2358490566037736,two_lines
images/video01_img_00229.jpg,0.24133254716981142,two_lines
images/video01_img_00230.jpg,0.23938679245283018,two_lines
images/video01_img_00231.jpg,0.2429245283018868,two_lines
images/video01_img_00232.jpg,0.25471698113207547,two_lines
images/video01_img_00233.jpg,0.25825471698113206,two_lines
images/video01_img_00234.jpg,0.25235849056603776,two_lines
images/video01_img_00235.jpg,0.24764150943396226,two_lines
images/video01_img_00236.jpg,0.25913915094339623,two_lines
images/video01_img_00237.jpg,0.27240566037735847,two_lines
images/video01_img_00238.jpg,0.32547169811320753,left_line_only
images/video01_img_00239.jpg,0.17452830188679244,left_line_only
images/video01_img_00240.jpg,0.07547169811320754,left_line_only
images/video01_img_00241.jpg,0.19339622641509435,left_line_only
images/video01_img_00242.jpg,0.22169811320754718,left_line_only
images/video01_img_00243.jpg,0.23349056603773585,left_line_only
images/video01_img_00244.jpg,0.22641509433962265,left_line_only
images/video01_img_00245.jpg,0.25471698113207547,left_line_only
images/video01_img_00246.jpg,0.29952830188679247,left_line_only
images/video01_img_00247.jpg,0.35377358490566035,left_line_only
images/video01_img_00248.jpg,0.35377358490566035,left_line_only
images/video01_img_00249.jpg,0.330188679245283,left_line_only
images/video01_img_00250.jpg,0.3608490566037736,left_line_only
images/video01_img_00251.jpg,0.33726415094339623,left_line_only
images/video01_img_00252.jpg,0.30660377358490565,left_line_only
images/video01_img_00253.jpg,0.33254716981132076,left_line_only
images/video01_img_00254.jpg,0.2783018867924528,left_line_only
images/video01_img_00255.jpg,0.24056603773584906,left_line_only
images/video01_img_00256.jpg,0.33254716981132076,left_line_only
images/video01_img_00257.jpg,0.33254716981132076,left_line_only
images/video01_img_00258.jpg,0.28773584905660377,two_lines
images/video01_img_00259.jpg,0.41273584905660377,left_line_only
images/video01_img_00260.jpg,0.39622641509433965,left_line_only
images/video01_img_00261.jpg,0.37264150943396224,left_line_only
images/video01_img_00262.jpg,0.3490566037735849,left_line_only
images/video01_img_00263.jpg,0.33490566037735847,left_line_only
images/video01_img_00264.jpg,0.31839622641509435,left_line_only
images/video01_img_00265.jpg,0.3018867924528302,left_line_only
images/video01_img_00266.jpg,0.2830188679245283,left_line_only
images/video01_img_00267.jpg,0.29009433962264153,left_line_only
images/video01_img_00268.jpg,0.294811320754717,left_line_only
images/video01_img_00269.jpg,0.2971698113207547,left_line_only
images/video01_img_00270.jpg,0.3089622641509434,left_line_only
images/video01_img_00271.jpg,0.3160377358490566,left_line_only
images/video01_img_00272.jpg,0.3278301886792453,left_line_only
images/video01_img_00273.jpg,0.33490566037735847,left_line_only
images/video01_img_00274.jpg,0.3443396226415094,left_line_only
images/video01_img_00275.jpg,0.33962264150943394,left_line_only
images/video01_img_00276.jpg,0.33962264150943394,left_line_only
images/video01_img_00277.jpg,0.3278301886792453,left_line_only
images/video01_img_00278.jpg,0.3018867924528302,left_line_only
images/video01_img_00279.jpg,0.2641509433962264,left_line_only
images/video01_img_00280.jpg,0.22641509433962265,left_line_only
images/video01_img_00281.jpg,0.14622641509433962,left_line_only
images/video01_img_00282.jpg,0.11084905660377359,left_line_only
images/video01_img_00283.jpg,0.1721698113207547,two_lines
images/video01_img_00284.jpg,0.19221698113207547,two_lines
images/video01_img_00285.jpg,0.19103773584905662,left_line_only
images/video01_img_00286.jpg,0.21226415094339623,left_line_only
images/video01_img_00287.jpg,0.14858490566037735,left_line_only
images/video01_img_00288.jpg,0.16273584905660377,left_line_only
images/video01_img_00289.jpg,0.2099056603773585,left_line_only
images/video01_img_00290.jpg,0.2641509433962264,two_lines
images/video01_img_00291.jpg,0.15566037735849056,left_line_only
images/video01_img_00292.jpg,0.1332547169811321,two_lines
images/video01_img_00293.jpg,0.15330188679245282,two_lines
images/video01_img_00294.jpg,0.16391509433962265,two_lines
images/video01_img_00295.jpg,0.16627358490566038,two_lines
images/video01_img_00296.jpg,0.15919811320754718,two_lines
images/video01_img_00297.jpg,0.1650943396226415,two_lines
images/video01_img_00298.jpg,0.14386792452830188,left_line_only
images/video01_img_00299.jpg,0.13679245283018868,left_line_only
images/video01_img_00300.jpg,0.16745283018867924,two_lines
images/video01_img_00301.jpg,0.1736438679245283,two_lines
images/video01_img_00302.jpg,0.17806603773584906,two_lines
images/video01_img_00303.jpg,0.17570754716981132,two_lines
images/video01_img_00304.jpg,0.17806603773584906,two_lines
images/video01_img_00305.jpg,0.17688679245283018,two_lines
images/video01_img_00306.jpg,0.1804245283018868,two_lines
images/video01_img_00307.jpg,0.18396226415094338,two_lines
images/video01_img_00308.jpg,0.18985849056603774,two_lines
images/video01_img_00309.jpg,0.012971698113207548,two_lines
images/video01_img_00310.jpg,0.031839622641509434,two_lines
images/video01_img_00311.jpg,0.04245283018867924,two_lines
images/video01_img_00312.jpg,0.07193396226415094,two_lines
images/video01_img_00313.jpg,0.09433962264150944,two_lines
images/video01_img_00314.jpg,0.08844339622641509,two_lines
images/video01_img_00315.jpg,0.12617924528301888,two_lines
images/video01_img_00316.jpg,0.22482311320754728,two_lines
images/video01_img_00317.jpg,0.08136792452830188,two_lines
images/video01_img_00318.jpg,0.04363207547169811,two_lines
images/video01_img_00319.jpg,0.06132075471698113,two_lines
images/video01_img_00320.jpg,0.03773584905660377,two_lines
images/video01_img_00321.jpg,0.13089622641509435,two_lines
images/video01_img_00322.jpg,0.1179245283018868,two_lines
images/video01_img_00323.jpg,0.07900943396226415,two_lines
images/video01_img_00324.jpg,0.0330188679245283,two_lines
images/video01_img_00325.jpg,-0.003537735849056604,two_lines
images/video01_img_00326.jpg,0.031839622641509434,two_lines
images/video01_img_00327.jpg,0.02122641509433962,two_lines
images/video01_img_00328.jpg,0.00589622641509434,two_lines
images/video01_img_00329.jpg,-0.01179245283018868,two_lines
images/video01_img_00330.jpg,-0.015330188679245283,two_lines
images/video01_img_00331.jpg,-0.08372641509433962,two_lines
images/video01_img_00332.jpg,-0.08726415094339622,two_lines
images/video01_img_00333.jpg,-0.10023584905660378,two_lines
images/video01_img_00334.jpg,-0.08962264150943396,two_lines
images/video01_img_00335.jpg,-0.07193396226415094,two_lines
images/video01_img_00336.jpg,-0.0660377358490566,two_lines
images/video01_img_00337.jpg,-0.0330188679245283,two_lines
images/video01_img_00338.jpg,-0.02122641509433962,two_lines
images/video01_img_00339.jpg,-0.027122641509433963,two_lines
images/video02_img_00000.jpg,0.036556603773584904,two_lines
images/video02_img_00001.jpg,0.11910377358490566,two_lines
images/video02_img_00002.jpg,-0.23349056603773585,left_line_only
images/video02_img_00003.jpg,0.009433962264150943,left_line_only
images/video02_img_00004.jpg,-0.1179245283018868,left_line_only
images/video02_img_00005.jpg,-0.07075471698113207,left_line_only
images/video02_img_00006.jpg,-0.07547169811320754,left_line_only
images/video02_img_00007.jpg,-0.0660377358490566,left_line_only
images/video02_img_00008.jpg,-0.07547169811320754,left_line_only
images/video02_img_00009.jpg,-0.09663915094339628,two_lines
images/video02_img_00010.jpg,-0.06132075471698113,two_lines
images/video02_img_00011.jpg,-0.054245283018867926,two_lines
images/video02_img_00012.jpg,-0.03508254716981132,two_lines
images/video02_img_00013.jpg,-0.036556603773584904,two_lines
images/video02_img_00014.jpg,-0.04492924528301889,two_lines
images/video02_img_00015.jpg,0.6061320754716981,left_line_only
images/video02_img_00016.jpg,-0.05854952830188677,two_lines
images/video02_img_00017.jpg,-0.0589622641509434,two_lines
images/video02_img_00018.jpg,-0.06367924528301887,two_lines
images/video02_img_00019.jpg,-0.08254716981132075,two_lines
images/video02_img_00020.jpg,-0.10849056603773585,two_lines
images/video02_img_00021.jpg,-0.18160377358490565,two_lines
images/video02_img_00022.jpg,0.11556603773584906,left_line_only
images/video02_img_00023.jpg,0.08726415094339622,left_line_only
images/video02_img_00024.jpg,0.14150943396226415,two_lines
images/video02_img_00025.jpg,-0.017334905660377414,two_lines
images/video02_img_00026.jpg,-0.007075471698113208,two_lines
images/video02_img_00027.jpg,0.008254716981132075,two_lines
images/video02_img_00028.jpg,0.012971698113207548,two_lines
images/video02_img_00029.jpg,0.013679245283018894,two_lines
images/video02_img_00030.jpg,0.024764150943396228,two_lines
images/video02_img_00031.jpg,0.08962264150943396,two_lines
images/video02_img_00032.jpg,0.03537735849056604,two_lines
images/video02_img_00033.jpg,0.03378537735849054,two_lines
images/video02_img_00034.jpg,0.03773584905660377,two_lines
images/video02_img_00035.jpg,0.04363207547169811,two_lines
images/video02_img_00036.jpg,0.09316037735849056,two_lines
images/video02_img_00037.jpg,0.10613207547169812,two_lines
images/video02_img_00038.jpg,0.05064858490566043,two_lines
images/video02_img_00039.jpg,0.10613207547169812,two_lines
images/video02_img_00040.jpg,0.060141509433962265,two_lines
images/video02_img_00041.jpg,0.13443396226415094,two_lines
images/video02_img_00042.jpg,0.13602594339622645,two_lines
images/video02_img_00043.jpg,0.13797169811320756,two_lines
images/video02_img_00044.jpg,0.13797169811320756,two_lines
images/video02_img_00045.jpg,0.13443396226415094,two_lines
images/video02_img_00046.jpg,0.1320754716981132,two_lines
images/video02_img_00047.jpg,0.1474056603773585,two_lines
images/video02_img_00048.jpg,0.13797169811320756,two_lines
images/video02_img_00049.jpg,0.1403301886792453,two_lines
images/video02_img_00050.jpg,0.14386792452830188,two_lines
images/video02_img_00051.jpg,0.1403301886792453,two_lines
images/video02_img_00052.jpg,0.13797169811320756,two_lines
images/video02_img_00053.jpg,0.1403301886792453,two_lines
images/video02_img_00054.jpg,0.13797169811320756,two_lines
images/video02_img_00055.jpg,0.14504716981132076,two_lines
images/video02_img_00056.jpg,0.14268867924528303,two_lines
images/video02_img_00057.jpg,0.16273584905660377,two_lines
images/video02_img_00058.jpg,0.03537735849056604,left_line_only
images/video02_img_00059.jpg,-0.02122641509433962,left_line_only
images/video02_img_00060.jpg,-0.12264150943396226,two_lines
images/video02_img_00061.jpg,-0.15566037735849056,two_lines
images/video02_img_00062.jpg,0.07311320754716981,two_lines
images/video02_img_00063.jpg,0.018867924528301886,left_line_only
images/video02_img_00064.jpg,0.014150943396226415,left_line_only
images/video02_img_00065.jpg,0.04716981132075472,left_line_only
images/video02_img_00066.jpg,0.07547169811320754,left_line_only
images/video02_img_00067.jpg,0.018867924528301886,left_line_only
images/video02_img_00068.jpg,0.09363207547169809,two_lines
images/video02_img_00069.jpg,-0.05188679245283019,left_line_only
images/video02_img_00070.jpg,-0.12735849056603774,two_lines
images/video02_img_00071.jpg,-0.08372641509433962,two_lines
images/video02_img_00072.jpg,-0.07865566037735827,two_lines
images/video02_img_00073.jpg,-0.08254716981132075,two_lines
images/video02_img_00074.jpg,-0.04245283018867924,two_lines
images/video02_img_00075.jpg,0.03425707547169806,two_lines
images/video02_img_00076.jpg,-0.05188679245283019,two_lines
images/video02_img_00077.jpg,-0.05778301886792453,two_lines
images/video02_img_00078.jpg,-0.04009433962264151,two_lines
images/video02_img_00079.jpg,-0.04481132075471698,two_lines
images/video02_img_00080.jpg,-0.06485849056603774,two_lines
images/video02_img_00081.jpg,-0.05778301886792453,two_lines
images/video02_img_00082.jpg,-0.049528301886792456,two_lines
images/video02_img_00083.jpg,0.04481132075471698,two_lines
images/video02_img_00084.jpg,0.0589622641509434,two_lines
images/video02_img_00085.jpg,0.06367924528301887,two_lines
images/video02_img_00086.jpg,0.060141509433962265,two_lines
images/video02_img_00087.jpg,0.0589622641509434,two_lines
images/video02_img_00088.jpg,0.06721698113207547,two_lines
images/video02_img_00089.jpg,0.06132075471698113,two_lines
images/video02_img_00090.jpg,0.060141509433962265,two_lines
images/video02_img_00091.jpg,0.07311320754716981,two_lines
images/video02_img_00092.jpg,0.06132075471698113,two_lines
images/video02_img_00093.jpg,0.01179245283018868,two_lines
images/video02_img_00094.jpg,0.10495283018867925,two_lines
images/video02_img_00095.jpg,0.07547169811320754,two_lines
images/video02_img_00096.jpg,0.05660377358490566,two_lines
images/video02_img_00097.jpg,0.06367924528301887,two_lines
images/video02_img_00098.jpg,0.0011792452830188679,two_lines
images/video02_img_00099.jpg,0.01179245283018868,two_lines
images/video02_img_00100.jpg,0.009433962264150943,two_lines
images/video02_img_00101.jpg,0.025943396226415096,two_lines
images/video02_img_00102.jpg,0.01650943396226415,two_lines
images/video02_img_00103.jpg,0.02830188679245283,two_lines
images/video02_img_00104.jpg,0.10141509433962265,two_lines
images/video02_img_00105.jpg,0.04245283018867924,two_lines
images/video02_img_00106.jpg,0.01768867924528302,two_lines
images/video02_img_00107.jpg,0.03773584905660377,two_lines
images/video02_img_00108.jpg,0.036556603773584904,two_lines
images/video02_img_00109.jpg,0.0294811320754717,two_lines
images/video02_img_00110.jpg,-0.03537735849056604,two_lines
images/video02_img_00111.jpg,0.00589622641509434,two_lines
images/video02_img_00112.jpg,-0.0011792452830188679,two_lines
images/video02_img_00113.jpg,0.049528301886792456,two_lines
images/video02_img_00114.jpg,0.09669811320754718,two_lines
images/video02_img_00115.jpg,0.10731132075471699,two_lines
images/video02_img_00116.jpg,0.08124999999999998,two_lines
images/video02_img_00117.jpg,0.0330188679245283,two_lines
images/video02_img_00118.jpg,0.017924528301886847,two_lines
images/video02_img_00119.jpg,0.0047169811320754715,two_lines
images/video02_img_00120.jpg,-0.014150943396226415,two_lines
images/video02_img_00121.jpg,-0.09150943396226417,two_lines
images/video02_img_00122.jpg,-0.03419811320754717,two_lines
images/video02_img_00123.jpg,-0.06485849056603774,two_lines
images/video02_img_00124.jpg,-0.13089622641509435,two_lines
images/video02_img_00125.jpg,-0.08490566037735849,two_lines
images/video02_img_00126.jpg,-0.014917452830188652,two_lines
images/video02_img_00127.jpg,-0.0988797169811321,two_lines
images/video02_img_00128.jpg,-0.09787735849056604,two_lines
images/video02_img_00129.jpg,-0.10849056603773585,two_lines
images/video02_img_00130.jpg,-0.3236438679245284,two_lines
images/video02_img_00131.jpg,-0.2806603773584906,two_lines
images/video02_img_00132.jpg,-0.2535377358490566,two_lines
images/video02_img_00133.jpg,-0.22965801886792453,two_lines
images/video02_img_00134.jpg,-0.20754716981132076,two_lines
images/video02_img_00135.jpg,-0.1875,two_lines
images/video02_img_00136.jpg,-0.1733490566037736,two_lines
images/video02_img_00137.jpg,-0.1650943396226415,two_lines
images/video02_img_00138.jpg,-0.1544811320754717,two_lines
images/video02_img_00139.jpg,-0.15919811320754718,two_lines
images/video02_img_00140.jpg,-0.15919811320754718,two_lines
images/video02_img_00141.jpg,-0.12989386792452842,two_lines
images/video02_img_00142.jpg,-0.10141509433962265,two_lines
images/video02_img_00143.jpg,-0.005660377358490513,two_lines
images/video02_img_00144.jpg,0.09551886792452831,two_lines
images/video02_img_00145.jpg,0.18867924528301888,left_line_only
images/video02_img_00146.jpg,0.29245283018867924,left_line_only
images/video02_img_00147.jpg,0.26863207547169804,two_lines
images/video02_img_00148.jpg,0.4033018867924528,left_line_only
images/video02_img_00149.jpg,0.35070754716981145,two_lines
images/video02_img_00150.jpg,0.49764150943396224,left_line_only
images/video02_img_00151.jpg,0.46462264150943394,left_line_only
images/video02_img_00152.jpg,0.4268867924528302,left_line_only
images/video02_img_00153.jpg,0.3561320754716981,left_line_only
images/video02_img_00154.jpg,0.2665094339622642,left_line_only
images/video02_img_00155.jpg,0.1994103773584906,two_lines
images/video02_img_00156.jpg,0.17806603773584906,two_lines
images/video02_img_00157.jpg,0.16273584905660377,two_lines
images/video02_img_00158.jpg,0.12777122641509436,two_lines
images/video02_img_00159.jpg,0.12264150943396226,two_lines
images/video02_img_00160.jpg,0.13679245283018868,two_lines
images/video02_img_00161.jpg,0.14976415094339623,two_lines
images/video02_img_00162.jpg,0.15212264150943397,two_lines
images/video02_img_00163.jpg,0.1650943396226415,two_lines
images/video02_img_00164.jpg,0.20636792452830188,two_lines
images/video02_img_00165.jpg,0.22877358490566038,two_lines
images/video02_img_00166.jpg,0.2346698113207547,two_lines
images/video02_img_00167.jpg,0.24652122641509427,two_lines
images/video02_img_00168.jpg,0.30424528301886794,left_line_only
images/video02_img_00169.jpg,0.3490566037735849,left_line_only
images/video02_img_00170.jpg,0.33254716981132076,left_line_only
images/video02_img_00171.jpg,0.3231132075471698,left_line_only
images/video02_img_00172.jpg,0.33490566037735847,left_line_only
images/video02_img_00173.jpg,0.3231132075471698,left_line_only
images/video02_img_00174.jpg,0.32075471698113206,left_line_only
images/video02_img_00175.jpg,0.32547169811320753,left_line_only
images/video02_img_00176.jpg,0.41745283018867924,left_line_only
images/video02_img_00177.jpg,0.4221698113207547,left_line_only
images/video02_img_00178.jpg,0.5117924528301887,left_line_only
images/video02_img_00179.jpg,0.4740566037735849,left_line_only
images/video02_img_00180.jpg,0.4858490566037736,left_line_only
images/video02_img_00181.jpg,0.45990566037735847,left_line_only
images/video02_img_00182.jpg,0.43160377358490565,left_line_only
images/video02_img_00183.jpg,0.4080188679245283,left_line_only
images/video02_img_00184.jpg,0.3867924528301887,left_line_only
images/video02_img_00185.jpg,0.3089622641509434,left_line_only
images/video02_img_00186.jpg,0.3089622641509434,left_line_only
images/video02_img_00187.jpg,0.2617924528301887,left_line_only
images/video02_img_00188.jpg,0.2641509433962264,left_line_only
images/video02_img_00189.jpg,0.1792452830188679,left_line_only
images/video02_img_00190.jpg,0.17452830188679244,left_line_only
images/video02_img_00191.jpg,0.1320754716981132,left_line_only
images/video02_img_00192.jpg,0.13679245283018868,left_line_only
images/video02_img_00193.jpg,0.11556603773584906,left_line_only
images/video02_img_00194.jpg,0.11320754716981132,left_line_only
images/video02_img_00195.jpg,-0.018867924528301886,left_line_only
images/video02_img_00196.jpg,-0.02830188679245283,left_line_only
images/video02_img_00197.jpg,-0.014150943396226415,left_line_only
images/video02_img_00198.jpg,0.01650943396226415,left_line_only
images/video02_img_00199.jpg,0.04481132075471698,left_line_only
images/video02_img_00200.jpg,0.07311320754716981,left_line_only
images/video02_img_00201.jpg,0.08726415094339622,left_line_only
images/video02_img_00202.jpg,0.10377358490566038,left_line_only
images/video02_img_00203.jpg,0.10849056603773585,left_line_only
images/video02_img_00204.jpg,0.125,left_line_only
images/video02_img_00205.jpg,0.14386792452830188,left_line_only
images/video02_img_00206.jpg,0.14386792452830188,left_line_only
images/video02_img_00207.jpg,0.13443396226415094,left_line_only
images/video02_img_00208.jpg,0.13679245283018868,left_line_only
images/video02_img_00209.jpg,0.14622641509433962,left_line_only
images/video02_img_00210.jpg,0.1391509433962264,left_line_only
images/video02_img_00211.jpg,0.13443396226415094,left_line_only
images/video02_img_00212.jpg,0.15566037735849056,left_line_only
images/video02_img_00213.jpg,0.1580188679245283,left_line_only
images/video02_img_00214.jpg,0.1403301886792453,two_lines
images/video02_img_00215.jpg,0.10731132075471699,two_lines
images/video02_img_00216.jpg,0.08490566037735849,two_lines
images/video02_img_00217.jpg,0.05076650943396221,two_lines
images/video02_img_00218.jpg,0.0660377358490566,two_lines
images/video02_img_00219.jpg,0.06839622641509434,two_lines
images/video02_img_00220.jpg,0.11261792452830188,two_lines
images/video02_img_00221.jpg,0.19103773584905662,two_lines
images/video02_img_00222.jpg,0.05660377358490566,left_line_only
images/video02_img_00223.jpg,0.14858490566037735,two_lines
images/video02_img_00224.jpg,0.09551886792452831,two_lines
images/video02_img_00225.jpg,-0.003537735849056604,two_lines
images/video02_img_00226.jpg,0.0047169811320754715,two_lines
images/video02_img_00227.jpg,0.04363207547169811,two_lines
images/video02_img_00228.jpg,0.04245283018867924,two_lines
images/video02_img_00229.jpg,0.06757075471698108,two_lines
images/video02_img_00230.jpg,0.09198113207547169,two_lines
images/video02_img_00231.jpg,-0.0023584905660377358,left_line_only
images/video02_img_00232.jpg,0.014150943396226415,left_line_only
images/video02_img_00233.jpg,0.10966981132075472,two_lines
images/video02_img_00234.jpg,0.018867924528301886,left_line_only
images/video02_img_00235.jpg,0.025943396226415096,left_line_only
images/video02_img_00236.jpg,0.04009433962264151,left_line_only
images/video02_img_00237.jpg,0.0330188679245283,left_line_only
images/video02_img_00238.jpg,-0.07547169811320754,left_line_only
images/video02_img_00239.jpg,-0.14858490566037735,left_line_only
images/video02_img_00240.jpg,-0.18632075471698112,left_line_only
images/video02_img_00241.jpg,0.04481132075471698,two_lines
images/video02_img_00242.jpg,0.08254716981132075,two_lines
images/video02_img_00243.jpg,0.13089622641509435,two_lines
images/video02_img_00244.jpg,0.09316037735849056,two_lines
images/video02_img_00245.jpg,0.14976415094339623,two_lines
images/video02_img_00246.jpg,0.15330188679245282,two_lines
images/video02_img_00247.jpg,0.13679245283018868,left_line_only
images/video02_img_00248.jpg,0.10377358490566038,left_line_only
images/video02_img_00249.jpg,0.09433962264150944,left_line_only
images/video02_img_00250.jpg,0.08726415094339622,left_line_only
images/video02_img_00251.jpg,0.06839622641509434,left_line_only
images/video02_img_00252.jpg,0.0660377358490566,left_line_only
images/video02_img_00253.jpg,0.05660377358490566,left_line_only
images/video02_img_00254.jpg,0.05660377358490566,left_line_only
images/video02_img_00255.jpg,0.04481132075471698,left_line_only
images/video02_img_00256.jpg,0.04009433962264151,left_line_only
images/video02_img_00257.jpg,0.049528301886792456,left_line_only
images/video02_img_00258.jpg,0.06367924528301887,left_line_only
images/video02_img_00259.jpg,0.025943396226415096,left_line_only
images/video02_img_00260.jpg,0.05188679245283019,left_line_only
images/video02_img_00261.jpg,0.06132075471698113,left_line_only
images/video02_img_00262.jpg,0.0589622641509434,left_line_only
images/video02_img_00263.jpg,0.08726415094339622,left_line_only
images/video02_img_00264.jpg,0.06367924528301887,left_line_only
images/video02_img_00265.jpg,0.0660377358490566,left_line_only
images/video02_img_00266.jpg,0.07547169811320754,left_line_only
images/video02_img_00267.jpg,0.1179245283018868,left_line_only
images/video02_img_00268.jpg,0.1320754716981132,left_line_only
images/video02_img_00269.jpg,0.14150943396226415,left_line_only
images/video02_img_00270.jpg,0.1179245283018868,left_line_only
images/video02_img_00271.jpg,0.11320754716981132,left_line_only
images/video02_img_00272.jpg,0.09669811320754718,left_line_only
images/video02_img_00273.jpg,0.04716981132075472,left_line_only
images/video02_img_00274.jpg,0.02830188679245283,left_line_only
images/video02_img_00275.jpg,-0.007075471698113208,left_line_only
images/video02_img_00276.jpg,-0.009433962264150943,left_line_only
images/video02_img_00277.jpg,-0.05660377358490566,left_line_only
images/video02_img_00278.jpg,-0.12264150943396226,left_line_only
images/video02_img_00279.jpg,0.0023584905660377358,left_line_only
images/video02_img_00280.jpg,0.018867924528301886,left_line_only
images/video02_img_00281.jpg,0.09433962264150944,left_line_only
images/video02_img_00282.jpg,0.20518867924528303,left_line_only
images/video02_img_00283.jpg,0.19339622641509435,left_line_only
images/video02_img_00284.jpg,0.22877358490566038,left_line_only
images/video02_img_00285.jpg,0.19339622641509435,left_line_only
images/video02_img_00286.jpg,0.15566037735849056,left_line_only
images/video02_img_00287.jpg,0.18396226415094338,left_line_only
images/video02_img_00288.jpg,0.16745283018867924,left_line_only
images/video02_img_00289.jpg,0.14150943396226415,left_line_only
images/video02_img_00290.jpg,0.16745283018867924,left_line_only
images/video02_img_00291.jpg,0.1391509433962264,left_line_only
images/video02_img_00292.jpg,0.14622641509433962,left_line_only
images/video02_img_00293.jpg,0.1792452830188679,left_line_only
images/video02_img_00294.jpg,0.2099056603773585,left_line_only
images/video02_img_00295.jpg,0.20047169811320756,left_line_only
images/video02_img_00296.jpg,0.1391509433962264,left_line_only
images/video02_img_00297.jpg,0.06367924528301887,left_line_only
images/video02_img_00298.jpg,-0.009433962264150943,left_line_only
images/video02_img_00299.jpg,-0.09198113207547169,left_line_only
images/video02_img_00300.jpg,-0.11084905660377359,left_line_only
images/video02_img_00301.jpg,-0.1509433962264151,left_line_only
images/video02_img_00302.jpg,0.029599056603773613,two_lines
images/video02_img_00303.jpg,0.04716981132075472,two_lines
images/video02_img_00304.jpg,0.06721698113207547,two_lines
images/video02_img_00305.jpg,0.055424528301886794,two_lines
images/video02_img_00306.jpg,0.05306603773584906,two_lines
images/video02_img_00307.jpg,0.04481132075471698,two_lines
images/video02_img_00308.jpg,0.045990566037735846,two_lines
images/video02_img_00309.jpg,0.04245283018867924,two_lines
images/video02_img_00310.jpg,0.03891509433962264,two_lines
images/video02_img_00311.jpg,0.03773584905660377,two_lines
images/video02_img_00312.jpg,0.060141509433962265,two_lines
images/video02_img_00313.jpg,0.060141509433962265,two_lines
images/video02_img_00314.jpg,0.05070754716981132,two_lines
images/video02_img_00315.jpg,0.06367924528301887,two_lines
images/video02_img_00316.jpg,0.06132075471698113,two_lines
images/video02_img_00317.jpg,0.07193396226415094,two_lines
images/video02_img_00318.jpg,0.08254716981132075,two_lines
images/video02_img_00319.jpg,0.08372641509433962,two_lines
images/video02_img_00320.jpg,0.07547169811320754,two_lines
images/video02_img_00321.jpg,0.07075471698113207,two_lines
images/video02_img_00322.jpg,-0.05778301886792453,two_lines
images/video02_img_00323.jpg,-0.05778301886792453,two_lines
images/video02_img_00324.jpg,-0.023997641509433988,two_lines
images/video02_img_00325.jpg,-0.024764150943396228,two_lines
images/video02_img_00326.jpg,-0.045990566037735846,two_lines
images/video02_img_00327.jpg,-0.05306603773584906,two_lines
images/video02_img_00328.jpg,-0.0625,two_lines
images/video02_img_00329.jpg,-0.06132075471698113,two_lines
images/video02_img_00330.jpg,-0.03773584905660377,two_lines
images/video02_img_00331.jpg,-0.0330188679245283,two_lines
images/video02_img_00332.jpg,-0.054245283018867926,two_lines
images/video02_img_00333.jpg,-0.041273584905660375,two_lines
images/video02_img_00334.jpg,-0.04245283018867924,two_lines
images/video02_img_00335.jpg,-0.0294811320754717,two_lines
images/video02_img_00336.jpg,0.01650943396226415,two_lines
images/video02_img_00337.jpg,-0.015978773584905608,two_lines
images/video02_img_00338.jpg,-0.0625,two_lines
images/video02_img_00339.jpg,-0.0625,two_lines
images/video02_img_00340.jpg,-0.11556603773584906,two_lines
images/video02_img_00341.jpg,-0.13089622641509435,two_lines
images/video02_img_00342.jpg,-0.15330188679245282,two_lines
images/video02_img_00343.jpg,-0.14504716981132076,two_lines
images/video02_img_00344.jpg,-0.13968160377358496,two_lines
images/video02_img_00345.jpg,-0.1615566037735849,two_lines
images/video02_img_00346.jpg,-0.16745283018867924,two_lines
images/video02_img_00347.jpg,-0.15330188679245282,two_lines
images/video02_img_00348.jpg,-0.14268867924528303,two_lines
images/video02_img_00349.jpg,-0.1391509433962264,two_lines
images/video02_img_00350.jpg,-0.16863207547169812,two_lines
images/video02_img_00351.jpg,-0.16084905660377355,two_lines
images/video02_img_00352.jpg,-0.12264150943396226,right_line_only
images/video02_img_00353.jpg,-0.14150943396226415,right_line_only
images/video02_img_00354.jpg,-0.14386792452830188,right_line_only
images/video02_img_00355.jpg,-0.16273584905660377,right_line_only
images/video02_img_00356.jpg,-0.18396226415094338,right_line_only
images/video02_img_00357.jpg,-0.21580188679245282,two_lines
images/video02_img_00358.jpg,-0.20400943396226415,two_lines
images/video02_img_00359.jpg,-0.1721698113207547,right_line_only
images/video02_img_00360.jpg,-0.18514150943396226,two_lines
images/video02_img_00361.jpg,-0.19339622641509435,right_line_only
images/video02_img_00362.jpg,-0.17806603773584906,two_lines
images/video02_img_00363.jpg,-0.149056603773585,two_lines
images/video02_img_00364.jpg,-0.12617924528301888,two_lines
images/video02_img_00365.jpg,-0.12853773584905662,two_lines
images/video02_img_00366.jpg,-0.14150943396226415,two_lines
images/video02_img_00367.jpg,-0.12382075471698113,two_lines
images/video02_img_00368.jpg,-0.10613207547169812,right_line_only
images/video02_img_00369.jpg,-0.10849056603773585,right_line_only
images/video02_img_00370.jpg,-0.09669811320754718,right_line_only
images/video02_img_00371.jpg,-0.1179245283018868,right_line_only
images/video02_img_00372.jpg,-0.11320754716981132,right_line_only
images/video02_img_00373.jpg,-0.16645047169811317,two_lines
images/video02_img_00374.jpg,-0.09433962264150944,right_line_only
images/video02_img_00375.jpg,-0.03537735849056604,right_line_only
images/video02_img_00376.jpg,-0.12830188679245305,two_lines
images/video02_img_00377.jpg,-0.13797169811320756,two_lines
images/video02_img_00378.jpg,-0.049528301886792456,right_line_only
images/video02_img_00379.jpg,-0.12617924528301888,two_lines
images/video02_img_00380.jpg,-0.1320754716981132,two_lines
images/video02_img_00381.jpg,-0.054245283018867926,right_line_only
images/video02_img_00382.jpg,0.0047169811320754715,right_line_only
images/video02_img_00383.jpg,-0.06485849056603774,two_lines
images/video02_img_00384.jpg,-0.07075471698113207,two_lines
images/video02_img_00385.jpg,-0.09433962264150944,two_lines
images/video02_img_00386.jpg,-0.10141509433962265,two_lines
images/video02_img_00387.jpg,-0.1508844339622642,two_lines
images/video02_img_00388.jpg,-0.13679245283018868,two_lines
images/video02_img_00389.jpg,-0.14622641509433962,two_lines
images/video02_img_00390.jpg,-0.10141509433962265,right_line_only
images/video02_img_00391.jpg,-0.07783018867924528,right_line_only
images/video02_img_00392.jpg,-0.14268867924528303,two_lines
images/video02_img_00393.jpg,-0.11556603773584906,two_lines
images/video02_img_00394.jpg,-0.11674528301886793,two_lines
images/video02_img_00395.jpg,-0.11320754716981132,two_lines
images/video02_img_00396.jpg,-0.10849056603773585,two_lines
images/video02_img_00397.jpg,-0.10849056603773585,two_lines
images/video02_img_00398.jpg,-0.12971698113207547,two_lines
images/video02_img_00399.jpg,-0.09905660377358491,two_lines
images/video02_img_00400.jpg,-0.03773584905660377,two_lines
images/video02_img_00401.jpg,-0.04245283018867924,two_lines
images/video02_img_00402.jpg,-0.054245283018867926,two_lines
images/video02_img_00403.jpg,-0.060141509433962265,two_lines
images/video02_img_00404.jpg,-0.0660377358490566,two_lines
images/video02_img_00405.jpg,-0.0695754716981132,two_lines
images/video02_img_00406.jpg,-0.05188679245283019,two_lines
images/video02_img_00407.jpg,-0.045990566037735846,two_lines
images/video02_img_00408.jpg,-0.049528301886792456,two_lines
images/video02_img_00409.jpg,-0.04834905660377359,two_lines
images/video02_img_00410.jpg,-0.031839622641509434,two_lines
images/video02_img_00411.jpg,0.003537735849056604,two_lines
images/video02_img_00412.jpg,0.015507075471698087,two_lines
images/video02_img_00413.jpg,0.025943396226415096,two_lines
images/video02_img_00414.jpg,0.008962264150943824,two_lines
images/video02_img_00415.jpg,-0.036556603773584904,two_lines
images/video02_img_00416.jpg,0.04481132075471698,two_lines
images/video02_img_00417.jpg,0.04716981132075472,two_lines
images/video02_img_00418.jpg,0.06668632075471692,two_lines
images/video02_img_00419.jpg,-0.0660377358490566,left_line_only
images/video02_img_00420.jpg,-0.11084905660377359,left_line_only
images/video02_img_00421.jpg,-0.18396226415094338,left_line_only
images/video02_img_00422.jpg,0.02358490566037736,two_lines
images/video02_img_00423.jpg,0.003537735849056604,two_lines
images/video02_img_00424.jpg,-0.055424528301886794,two_lines
images/video02_img_00425.jpg,-0.07075471698113207,two_lines
images/video02_img_00426.jpg,-0.08844339622641509,two_lines
images/video02_img_00427.jpg,-0.09080188679245282,two_lines
images/video02_img_00428.jpg,-0.07075471698113207,two_lines
images/video02_img_00429.jpg,-0.09787735849056604,two_lines
images/video02_img_00430.jpg,-0.08726415094339622,two_lines
images/video02_img_00431.jpg,-0.13679245283018868,two_lines
images/video02_img_00432.jpg,-0.014150943396226415,two_lines
images/video02_img_00433.jpg,-0.04716981132075472,two_lines
images/video02_img_00434.jpg,0.0023584905660377358,two_lines
images/video02_img_00435.jpg,-0.05660377358490566,two_lines
images/video02_img_00436.jpg,0.009433962264150943,two_lines
images/video02_img_00437.jpg,-0.0023584905660377358,two_lines
images/video02_img_00438.jpg,0.03537735849056604,two_lines
images/video03_img_00000.jpg,0.0011792452830188679,two_lines
images/video03_img_00001.jpg,0.008254716981132075,two_lines
images/video03_img_00002.jpg,0.01179245283018868,two_lines
images/video03_img_00003.jpg,0.018867924528301886,two_lines
images/video03_img_00004.jpg,0.027122641509433963,two_lines
images/video03_img_00005.jpg,0.031839622641509434,two_lines
images/video03_img_00006.jpg,0.03537735849056604,two_lines
images/video03_img_00007.jpg,0.031839622641509434,two_lines
images/video03_img_00008.jpg,0.0294811320754717,two_lines
images/video03_img_00009.jpg,0.04481132075471698,two_lines
images/video03_img_00010.jpg,0.024764150943396228,two_lines
images/video03_img_00011.jpg,0.015330188679245283,two_lines
images/video03_img_00012.jpg,0.0294811320754717,two_lines
images/video03_img_00013.jpg,0.07665094339622641,two_lines
images/video03_img_00014.jpg,0.09905660377358491,two_lines
images/video03_img_00015.jpg,0.09316037735849056,two_lines
images/video03_img_00016.jpg,0.11320754716981132,two_lines
images/video03_img_00017.jpg,0.14150943396226415,two_lines
images/video03_img_00018.jpg,0.17057783018867922,two_lines
images/video03_img_00019.jpg,0.17688679245283018,two_lines
images/video03_img_00020.jpg,0.18160377358490565,two_lines
images/video03_img_00021.jpg,0.17099056603773585,two_lines
images/video03_img_00022.jpg,0.14976415094339623,two_lines
images/video03_img_00023.jpg,0.14386792452830188,two_lines
images/video03_img_00024.jpg,0.1332547169811321,two_lines
images/video03_img_00025.jpg,0.13089622641509435,two_lines
images/video03_img_00026.jpg,0.12382075471698113,two_lines
images/video03_img_00027.jpg,0.14150943396226415,two_lines
images/video03_img_00028.jpg,0.16627358490566038,two_lines
images/video03_img_00029.jpg,0.19339622641509435,two_lines
images/video03_img_00030.jpg,0.19811320754716982,two_lines
images/video03_img_00031.jpg,0.17570754716981132,two_lines
images/video03_img_00032.jpg,0.15919811320754718,two_lines
images/video03_img_00033.jpg,0.14976415094339623,two_lines
images/video03_img_00034.jpg,0.15683962264150944,two_lines
images/video03_img_00035.jpg,0.1650943396226415,two_lines
images/video03_img_00036.jpg,0.12735849056603774,two_lines
images/video03_img_00037.jpg,0.1320754716981132,two_lines
images/video03_img_00038.jpg,0.1733490566037736,two_lines
images/video03_img_00039.jpg,0.18278301886792453,two_lines
images/video03_img_00040.jpg,0.16863207547169812,two_lines
images/video03_img_00041.jpg,0.1509433962264151,two_lines
images/video03_img_00042.jpg,0.1214622641509434,two_lines
images/video03_img_00043.jpg,0.11556603773584906,two_lines
images/video03_img_00044.jpg,0.12853773584905662,two_lines
images/video03_img_00045.jpg,0.12735849056603774,two_lines
images/video03_img_00046.jpg,0.16863207547169812,two_lines
images/video03_img_00047.jpg,0.19186320754716987,two_lines
images/video03_img_00048.jpg,0.16745283018867924,two_lines
images/video03_img_00049.jpg,0.1332547169811321,two_lines
images/video03_img_00050.jpg,0.1214622641509434,two_lines
images/video03_img_00051.jpg,0.11202830188679246,two_lines
images/video03_img_00052.jpg,0.10966981132075472,two_lines
images/video03_img_00053.jpg,0.12617924528301888,two_lines
images/video03_img_00054.jpg,0.14268867924528303,two_lines
images/video03_img_00055.jpg,0.15330188679245282,two_lines
images/video03_img_00056.jpg,0.13679245283018868,two_lines
images/video03_img_00057.jpg,0.12735849056603774,two_lines
images/video03_img_00058.jpg,0.12971698113207547,two_lines
images/video03_img_00059.jpg,0.1179245283018868,two_lines
images/video03_img_00060.jpg,0.12228773584905665,two_lines
images/video03_img_00061.jpg,0.13797169811320756,two_lines
images/video03_img_00062.jpg,0.14858490566037735,two_lines
images/video03_img_00063.jpg,0.1544811320754717,two_lines
images/video03_img_00064.jpg,0.15683962264150944,two_lines
images/video03_img_00065.jpg,0.1584905660377358,two_lines
images/video03_img_00066.jpg,0.18278301886792453,two_lines
images/video03_img_00067.jpg,0.1945754716981132,two_lines
images/video03_img_00068.jpg,0.1792452830188679,two_lines
images/video03_img_00069.jpg,0.15159198113207542,two_lines
images/video03_img_00070.jpg,0.17099056603773585,two_lines
images/video03_img_00071.jpg,0.20636792452830188,two_lines
images/video03_img_00072.jpg,0.22169811320754718,two_lines
images/video03_img_00073.jpg,0.22877358490566038,two_lines
images/video03_img_00074.jpg,0.22877358490566038,left_line_only
images/video03_img_00075.jpg,0.2099056603773585,two_lines
images/video03_img_00076.jpg,0.17688679245283018,two_lines
images/video03_img_00077.jpg,0.17570754716981132,two_lines
images/video03_img_00078.jpg,0.09669811320754718,two_lines
images/video03_img_00079.jpg,0.14150943396226415,two_lines
images/video03_img_00080.jpg,0.15701650943396223,two_lines
images/video03_img_00081.jpg,0.13089622641509435,two_lines
images/video03_img_00082.jpg,0.1214622641509434,two_lines
images/video03_img_00083.jpg,0.11910377358490566,two_lines
images/video03_img_00084.jpg,0.07429245283018868,two_lines
images/video03_img_00085.jpg,0.06132075471698113,two_lines
images/video03_img_00086.jpg,0.08608490566037735,two_lines
images/video03_img_00087.jpg,0.11674528301886793,two_lines
images/video03_img_00088.jpg,0.10141509433962265,two_lines
images/video03_img_00089.jpg,0.0625,two_lines
images/video03_img_00090.jpg,0.06521226415094335,two_lines
images/video03_img_00091.jpg,0.07547169811320754,two_lines
images/video03_img_00092.jpg,0.07075471698113207,two_lines
images/video03_img_00093.jpg,0.12028301886792453,two_lines
images/video03_img_00094.jpg,0.11674528301886793,two_lines
images/video03_img_00095.jpg,0.19339622641509435,two_lines
images/video03_img_00096.jpg,0.2016509433962264,two_lines
images/video03_img_00097.jpg,0.1945754716981132,two_lines
images/video03_img_00098.jpg,0.1804245283018868,two_lines
images/video03_img_00099.jpg,0.21462264150943397,two_lines
images/video03_img_00100.jpg,0.24528301886792453,two_lines
images/video03_img_00101.jpg,0.27358490566037735,two_lines
images/video03_img_00102.jpg,0.25589622641509435,two_lines
images/video03_img_00103.jpg,0.26297169811320753,two_lines
images/video03_img_00104.jpg,0.2240566037735849,two_lines
images/video03_img_00105.jpg,0.11202830188679246,two_lines
images/video03_img_00106.jpg,0.0625,two_lines
images/video03_img_00107.jpg,-0.003537735849056604,two_lines
images/video03_img_00108.jpg,0.031839622641509434,two_lines
images/video03_img_00109.jpg,0.1214622641509434,two_lines
images/video03_img_00110.jpg,-0.0294811320754717,two_lines
images/video03_img_00111.jpg,-0.01179245283018868,two_lines
images/video03_img_00112.jpg,0.02240566037735849,two_lines
images/video03_img_00113.jpg,-0.045990566037735846,two_lines
images/video03_img_00114.jpg,-0.04481132075471698,two_lines
images/video03_img_00115.jpg,-0.05070754716981132,two_lines
images/video03_img_00116.jpg,-0.08490566037735849,two_lines
images/video03_img_00117.jpg,-0.08372641509433962,two_lines
images/video03_img_00118.jpg,-0.08844339622641509,two_lines
images/video03_img_00119.jpg,-0.14150943396226415,two_lines
images/video03_img_00120.jpg,-0.14622641509433962,two_lines
images/video03_img_00121.jpg,-0.12617924528301888,two_lines
images/video03_img_00122.jpg,-0.10731132075471699,two_lines
images/video03_img_00123.jpg,-0.08490566037735849,two_lines
images/video03_img_00124.jpg,-0.0660377358490566,two_lines
images/video03_img_00125.jpg,-0.025943396226415096,two_lines
images/video03_img_00126.jpg,0.003537735849056604,two_lines
images/video03_img_00127.jpg,0.003537735849056604,two_lines
images/video03_img_00128.jpg,0.031839622641509434,two_lines
images/video03_img_00129.jpg,0.02830188679245283,two_lines
images/video03_img_00130.jpg,0.03891509433962264,two_lines
images/video03_img_00131.jpg,0.02122641509433962,two_lines
images/video03_img_00132.jpg,0.030660377358490566,two_lines
images/video03_img_00133.jpg,0.0294811320754717,two_lines
images/video03_img_00134.jpg,0.02122641509433962,two_lines
images/video03_img_00135.jpg,-0.10849056603773585,two_lines
images/video03_img_00136.jpg,-0.014150943396226415,two_lines
images/video03_img_00137.jpg,-0.04716981132075472,two_lines
images/video03_img_00138.jpg,-0.031839622641509434,two_lines
images/video03_img_00139.jpg,-0.031839622641509434,two_lines
images/video03_img_00140.jpg,-0.06132075471698113,two_lines
images/video03_img_00141.jpg,-0.015330188679245283,two_lines
images/video03_img_00142.jpg,-0.02830188679245283,two_lines
images/video03_img_00143.jpg,-0.07311320754716981,two_lines
images/video03_img_00144.jpg,-0.07783018867924528,two_lines
images/video03_img_00145.jpg,-0.11202830188679246,two_lines
images/video03_img_00146.jpg,-0.12971698113207547,two_lines
images/video03_img_00147.jpg,-0.02358490566037736,right_line_only
images/video03_img_00148.jpg,-0.08372641509433962,two_lines
images/video03_img_00149.jpg,-0.04834905660377359,two_lines
images/video03_img_00150.jpg,-0.08254716981132075,two_lines
images/video03_img_00151.jpg,-0.009964622641509487,two_lines
images/video03_img_00152.jpg,-0.003478773584905714,two_lines
images/video03_img_00153.jpg,-0.05306603773584906,two_lines
images/video03_img_00154.jpg,-0.09198113207547169,two_lines
images/video03_img_00155.jpg,0.01650943396226415,two_lines
images/video03_img_00156.jpg,0.02830188679245283,two_lines
images/video03_img_00157.jpg,0.018867924528301886,two_lines
images/video03_img_00158.jpg,0.025943396226415096,two_lines
images/video03_img_00159.jpg,0.02830188679245283,two_lines
images/video03_img_00160.jpg,0.018867924528301886,two_lines
images/video03_img_00161.jpg,-0.02122641509433962,two_lines
images/video03_img_00162.jpg,-0.055424528301886794,two_lines
images/video03_img_00163.jpg,-0.05778301886792453,two_lines
images/video03_img_00164.jpg,-0.02830188679245283,two_lines
images/video03_img_00165.jpg,-0.0011792452830188679,two_lines
images/video03_img_00166.jpg,0.02240566037735849,two_lines
images/video03_img_00167.jpg,-0.05188679245283019,two_lines
images/video03_img_00168.jpg,-0.11674528301886793,two_lines
images/video03_img_00169.jpg,-0.0330188679245283,two_lines
images/video03_img_00170.jpg,-0.025943396226415096,two_lines
images/video03_img_00171.jpg,0.01061320754716981,two_lines
images/video03_img_00172.jpg,-0.02358490566037736,two_lines
images/video03_img_00173.jpg,-0.027122641509433963,two_lines
images/video03_img_00174.jpg,-0.03419811320754717,two_lines
images/video03_img_00175.jpg,-0.036556603773584904,two_lines
images/video03_img_00176.jpg,-0.04009433962264151,two_lines
images/video03_img_00177.jpg,-0.06132075471698113,two_lines
images/video03_img_00178.jpg,-0.08726415094339622,two_lines
images/video03_img_00179.jpg,-0.06132075471698113,two_lines
images/video03_img_00180.jpg,-0.07075471698113207,two_lines
images/video03_img_00181.jpg,-0.07258254716981127,two_lines
images/video03_img_00182.jpg,-0.0695754716981132,two_lines
images/video03_img_00183.jpg,-0.04363207547169811,two_lines
images/video03_img_00184.jpg,-0.06485849056603774,two_lines
images/video03_img_00185.jpg,-0.055424528301886794,two_lines
images/video03_img_00186.jpg,-0.007075471698113208,two_lines
images/video03_img_00187.jpg,0.07429245283018868,two_lines
images/video03_img_00188.jpg,0.0625,two_lines
images/video03_img_00189.jpg,0.0625,two_lines
images/video03_img_00190.jpg,0.01768867924528302,two_lines
images/video03_img_00191.jpg,0.02240566037735849,two_lines
images/video03_img_00192.jpg,0.02122641509433962,two_lines
images/video03_img_00193.jpg,-0.02240566037735849,two_lines
images/video03_img_00194.jpg,-0.054245283018867926,two_lines
images/video03_img_00195.jpg,-0.07429245283018868,two_lines
images/video03_img_00196.jpg,-0.09316037735849056,two_lines
images/video03_img_00197.jpg,-0.09316037735849056,two_lines
images/video03_img_00198.jpg,-0.15212264150943397,two_lines
images/video03_img_00199.jpg,-0.11674528301886793,two_lines
images/video03_img_00200.jpg,-0.1650943396226415,two_lines
images/video03_img_00201.jpg,-0.1755306603773585,two_lines
images/video03_img_00202.jpg,-0.23820754716981132,two_lines
images/video03_img_00203.jpg,-0.2134433962264151,two_lines
images/video03_img_00204.jpg,-0.20872641509433962,two_lines
images/video03_img_00205.jpg,-0.20636792452830188,two_lines
images/video03_img_00206.jpg,-0.1875,two_lines
images/video03_img_00207.jpg,-0.1721698113207547,two_lines
images/video03_img_00208.jpg,-0.1580188679245283,two_lines
images/video03_img_00209.jpg,-0.14858490566037735,two_lines
images/video03_img_00210.jpg,-0.14268867924528303,two_lines
images/video03_img_00211.jpg,-0.14268867924528303,two_lines
images/video03_img_00212.jpg,-0.145813679245283,two_lines
images/video03_img_00213.jpg,-0.1509433962264151,two_lines
images/video03_img_00214.jpg,-0.12617924528301888,two_lines
images/video03_img_00215.jpg,-0.11438679245283019,two_lines
images/video03_img_00216.jpg,-0.10141509433962265,two_lines
images/video03_img_00217.jpg,-0.10377358490566038,two_lines
images/video03_img_00218.jpg,-0.08490566037735849,two_lines
images/video03_img_00219.jpg,-0.08608490566037735,two_lines
images/video03_img_00220.jpg,-0.07429245283018868,two_lines
images/video03_img_00221.jpg,-0.06721698113207547,two_lines
images/video03_img_00222.jpg,-0.08136792452830188,two_lines
images/video03_img_00223.jpg,-0.05660377358490566,two_lines
images/video03_img_00224.jpg,0.04009433962264151,two_lines
images/video03_img_00225.jpg,0.11438679245283019,two_lines
images/video03_img_00226.jpg,0.07665094339622641,two_lines
images/video03_img_00227.jpg,0.06721698113207547,two_lines
images/video03_img_00228.jpg,0.08844339622641509,two_lines
images/video03_img_00229.jpg,0.07547169811320754,two_lines
images/video03_img_00230.jpg,0.08136792452830188,two_lines
images/video03_img_00231.jpg,0.07900943396226415,two_lines
images/video03_img_00232.jpg,0.08844339622641509,two_lines
images/video03_img_00233.jpg,0.05660377358490566,two_lines
images/video03_img_00234.jpg,0.05188679245283019,two_lines
images/video03_img_00235.jpg,0.036556603773584904,two_lines
images/video03_img_00236.jpg,0.012971698113207548,two_lines
images/video03_img_00237.jpg,-0.045990566037735846,two_lines
images/video03_img_00238.jpg,-0.0294811320754717,two_lines
images/video03_img_00239.jpg,-0.036556603773584904,two_lines
images/video03_img_00240.jpg,-0.04245283018867924,two_lines
images/video03_img_00241.jpg,-0.02606132075471741,two_lines
images/video03_img_00242.jpg,-0.035613207547169734,two_lines
images/video03_img_00243.jpg,-0.04481132075471698,two_lines
images/video03_img_00244.jpg,-0.054245283018867926,two_lines
images/video03_img_00245.jpg,-0.05660377358490566,two_lines
images/video03_img_00246.jpg,-0.07193396226415094,two_lines
images/video03_img_00247.jpg,-0.09433962264150944,two_lines
images/video03_img_00248.jpg,-0.10188679245283029,two_lines
images/video03_img_00249.jpg,-0.11385613207547164,two_lines
images/video03_img_00250.jpg,-0.18396226415094338,two_lines
images/video03_img_00251.jpg,-0.15330188679245282,right_line_only
images/video03_img_00252.jpg,-0.1214622641509434,two_lines
images/video03_img_00253.jpg,-0.03773584905660377,two_lines
images/video03_img_00254.jpg,-0.01179245283018868,two_lines
images/video03_img_00255.jpg,-0.07075471698113207,two_lines
images/video03_img_00256.jpg,-0.10141509433962265,two_lines
images/video03_img_00257.jpg,-0.07429245283018868,two_lines
images/video03_img_00258.jpg,-0.024764150943396228,two_lines
images/video03_img_00259.jpg,-0.0023584905660377358,two_lines
images/video03_img_00260.jpg,-0.020047169811320754,two_lines
images/video03_img_00261.jpg,-0.015330188679245283,two_lines
images/video03_img_00262.jpg,-0.01768867924528302,two_lines
images/video03_img_00263.jpg,-0.010082547169811266,two_lines
images/video03_img_00264.jpg,0.018867924528301886,two_lines
images/video03_img_00265.jpg,0.03508254716981132,two_lines
images/video03_img_00266.jpg,0.055424528301886794,two_lines
images/video03_img_00267.jpg,0.08254716981132075,two_lines
images/video03_img_00268.jpg,0.08962264150943396,two_lines
images/video03_img_00269.jpg,0.09545990566037742,two_lines
images/video03_img_00270.jpg,0.11320754716981132,two_lines
images/video03_img_00271.jpg,0.10377358490566038,two_lines
images/video03_img_00272.jpg,0.11202830188679246,two_lines
images/video03_img_00273.jpg,0.0695754716981132,two_lines
images/video03_img_00274.jpg,0.031839622641509434,two_lines
images/video03_img_00275.jpg,0.08136792452830188,two_lines
images/video03_img_00276.jpg,0.07075471698113207,two_lines
images/video03_img_00277.jpg,0.07429245283018868,two_lines
images/video03_img_00278.jpg,0.045990566037735846,two_lines
images/video03_img_00279.jpg,0.009433962264150943,two_lines
images/video03_img_00280.jpg,-0.01768867924528302,two_lines
images/video03_img_00281.jpg,-0.01768867924528302,two_lines
images/video03_img_00282.jpg,-0.02240566037735849,two_lines
images/video03_img_00283.jpg,-0.009433962264150943,two_lines
images/video03_img_00284.jpg,0.01650943396226415,two_lines
images/video03_img_00285.jpg,0.05619103773584903,two_lines
images/video03_img_00286.jpg,0.08254716981132075,two_lines
images/video03_img_00287.jpg,0.09198113207547169,two_lines
images/video03_img_00288.jpg,0.10784198113207552,two_lines
images/video03_img_00289.jpg,-0.04245283018867924,left_line_only
images/video03_img_00290.jpg,0.012971698113207548,two_lines
images/video03_img_00291.jpg,0.030188679245283047,two_lines
images/video03_img_00292.jpg,0.02358490566037736,two_lines
images/video03_img_00293.jpg,0.009433962264150943,two_lines
images/video03_img_00294.jpg,0.0023584905660377358,two_lines
images/video03_img_00295.jpg,0.009433962264150943,two_lines
images/video03_img_00296.jpg,0.0047169811320754715,two_lines
images/video03_img_00297.jpg,0.020047169811320754,two_lines
images/video03_img_00298.jpg,0.027122641509433963,two_lines
images/video03_img_00299.jpg,0.04834905660377359,two_lines
images/video03_img_00300.jpg,0.07547169811320754,two_lines
images/video03_img_00301.jpg,-0.04009433962264151,left_line_only
images/video03_img_00302.jpg,-0.03773584905660377,left_line_only
images/video03_img_00303.jpg,-0.08018867924528301,left_line_only
images/video03_img_00304.jpg,-0.08962264150943396,left_line_only
images/video03_img_00305.jpg,-0.06367924528301887,left_line_only
images/video03_img_00306.jpg,-0.08962264150943396,left_line_only
images/video03_img_00307.jpg,-0.07311320754716981,left_line_only
images/video03_img_00308.jpg,-0.08490566037735849,left_line_only
images/video03_img_00309.jpg,-0.030660377358490566,left_line_only
images/video03_img_00310.jpg,-0.007075471698113208,left_line_only
images/video03_img_00311.jpg,0.049528301886792456,left_line_only
images/video03_img_00312.jpg,0.08018867924528301,left_line_only
images/video03_img_00313.jpg,0.09669811320754718,left_line_only
images/video03_img_00314.jpg,0.09433962264150944,left_line_only
images/video03_img_00315.jpg,0.09669811320754718,left_line_only
images/video03_img_00316.jpg,0.08018867924528301,left_line_only
images/video03_img_00317.jpg,0.09669811320754718,left_line_only
images/video03_img_00318.jpg,0.11320754716981132,left_line_only
images/video03_img_00319.jpg,0.17452830188679244,two_lines
images/video03_img_00320.jpg,0.1792452830188679,two_lines
images/video03_img_00321.jpg,0.16037735849056603,two_lines
images/video03_img_00322.jpg,0.1804245283018868,two_lines
images/video03_img_00323.jpg,0.16981132075471697,two_lines
images/video03_img_00324.jpg,0.14150943396226415,two_lines
images/video03_img_00325.jpg,0.09433962264150944,two_lines
images/video03_img_00326.jpg,0.14268867924528303,two_lines
images/video03_img_00327.jpg,0.1214622641509434,two_lines
images/video03_img_00328.jpg,0.11674528301886793,two_lines
images/video03_img_00329.jpg,0.10259433962264151,two_lines
images/video03_img_00330.jpg,0.09433962264150944,two_lines
images/video03_img_00331.jpg,0.09551886792452831,two_lines
images/video03_img_00332.jpg,0.12853773584905662,two_lines
images/video03_img_00333.jpg,0.14504716981132076,two_lines
images/video03_img_00334.jpg,0.10141509433962265,left_line_only
images/video03_img_00335.jpg,0.05660377358490566,left_line_only
images/video03_img_00336.jpg,0.04481132075471698,left_line_only
images/video03_img_00337.jpg,0.06839622641509434,left_line_only
images/video03_img_00338.jpg,0.06839622641509434,left_line_only
images/video03_img_00339.jpg,-0.04481132075471698,left_line_only
images/video03_img_00340.jpg,-0.16273584905660377,left_line_only
images/video03_img_00341.jpg,0.02358490566037736,two_lines
images/video03_img_00342.jpg,0.0330188679245283,two_lines
images/video03_img_00343.jpg,0.0660377358490566,two_lines
images/video03_img_00344.jpg,0.08018867924528301,two_lines
images/video03_img_00345.jpg,0.08018867924528301,two_lines
images/video03_img_00346.jpg,0.08490566037735849,two_lines
images/video03_img_00347.jpg,0.07900943396226415,two_lines
images/video03_img_00348.jpg,0.055424528301886794,two_lines
images/video03_img_00349.jpg,0.05972877358490564,two_lines
images/video03_img_00350.jpg,0.045990566037735846,two_lines
images/video03_img_00351.jpg,0.03891509433962264,two_lines
images/video03_img_00352.jpg,0.05306603773584906,two_lines
images/video03_img_00353.jpg,0.05778301886792453,two_lines
images/video03_img_00354.jpg,0.06721698113207547,two_lines
images/video03_img_00355.jpg,0.07429245283018868,two_lines
images/video03_img_00356.jpg,0.06786556603773579,two_lines
images/video03_img_00357.jpg,0.0660377358490566,two_lines
images/video03_img_00358.jpg,0.06892688679245289,two_lines
images/video03_img_00359.jpg,0.08608490566037735,two_lines
images/video03_img_00360.jpg,0.06839622641509434,two_lines
images/video03_img_00361.jpg,0.07547169811320754,two_lines
images/video03_img_00362.jpg,0.08608490566037735,two_lines
images/video03_img_00363.jpg,0.08018867924528301,two_lines
images/video03_img_00364.jpg,0.07547169811320754,two_lines
images/video03_img_00365.jpg,0.06132075471698113,two_lines
images/video03_img_00366.jpg,0.06367924528301887,two_lines
images/video03_img_00367.jpg,-0.10141509433962265,left_line_only
images/video03_img_00368.jpg,0.036556603773584904,two_lines
images/video03_img_00369.jpg,0.03419811320754717,two_lines
images/video03_img_00370.jpg,0.049528301886792456,two_lines
images/video03_img_00371.jpg,0.041273584905660375,two_lines
images/video03_img_00372.jpg,0.0047169811320754715,two_lines
images/video03_img_00373.jpg,-0.007075471698113208,two_lines
images/video03_img_00374.jpg,0.0011792452830188679,two_lines
images/video03_img_00375.jpg,-0.008254716981132075,two_lines
images/video03_img_00376.jpg,-0.02122641509433962,two_lines
images/video03_img_00377.jpg,-0.01650943396226415,two_lines
images/video03_img_00378.jpg,-0.012971698113207548,two_lines
images/video03_img_00379.jpg,-0.012971698113207548,two_lines
images/video03_img_00380.jpg,-0.010141509433962291,two_lines
images/video03_img_00381.jpg,-0.01768867924528302,two_lines
images/video03_img_00382.jpg,-0.01768867924528302,two_lines
images/video03_img_00383.jpg,0.024764150943396228,two_lines
images/video03_img_00384.jpg,0.025943396226415096,two_lines
images/video03_img_00385.jpg,0.02830188679245283,two_lines
images/video03_img_00386.jpg,0.025943396226415096,two_lines
images/video03_img_00387.jpg,0.02830188679245283,two_lines
images/video03_img_00388.jpg,0.031839622641509434,two_lines
images/video03_img_00389.jpg,0.04834905660377359,two_lines
images/video03_img_00390.jpg,0.031839622641509434,two_lines
images/video03_img_00391.jpg,0.027122641509433963,two_lines
images/video03_img_00392.jpg,0.03419811320754717,two_lines
images/video03_img_00393.jpg,0.05070754716981132,two_lines
images/video03_img_00394.jpg,0.05306603773584906,two_lines
images/video03_img_00395.jpg,0.054127358490563465,two_lines
images/video03_img_00396.jpg,0.045990566037735846,two_lines
images/video03_img_00397.jpg,0.045990566037735846,two_lines
images/video03_img_00398.jpg,0.045990566037735846,two_lines
images/video03_img_00399.jpg,0.04245283018867924,two_lines
images/video03_img_00400.jpg,0.048525943396226526,two_lines
images/video03_img_00401.jpg,0.04245283018867924,two_lines
images/video03_img_00402.jpg,0.03773584905660377,two_lines
images/video03_img_00403.jpg,0.05188679245283019,two_lines
images/video03_img_00404.jpg,0.04834905660377359,two_lines
images/video03_img_00405.jpg,0.06132075471698113,two_lines
images/video03_img_00406.jpg,0.06367924528301887,two_lines
images/video03_img_00407.jpg,0.027122641509433963,two_lines
images/video03_img_00408.jpg,0.041273584905660375,two_lines
images/video03_img_00409.jpg,0.054245283018867926,two_lines
images/video03_img_00410.jpg,0.04481132075471698,two_lines
images/video03_img_00411.jpg,0.04481132075471698,two_lines
images/video03_img_00412.jpg,0.060141509433962265,two_lines
images/video03_img_00413.jpg,0.0589622641509434,two_lines
images/video03_img_00414.jpg,0.07547169811320754,two_lines
images/video03_img_00415.jpg,0.07783018867924528,two_lines
images/video03_img_00416.jpg,-0.04716981132075472,two_lines
images/video03_img_00417.jpg,0.008254716981132075,two_lines
images/video03_img_00418.jpg,0.003537735849056604,two_lines
images/video03_img_00419.jpg,0.0,two_lines
images/video03_img_00420.jpg,0.0023584905660377358,two_lines
images/video03_img_00421.jpg,0.014150943396226415,two_lines
images/video03_img_00422.jpg,0.011969339622638936,two_lines
images/video03_img_00423.jpg,0.0011792452830188679,two_lines
images/video03_img_00424.jpg,-0.06202830188679503,two_lines
images/video03_img_00425.jpg,0.0011792452830188679,two_lines
images/video03_img_00426.jpg,0.003537735849056604,two_lines
images/video03_img_00427.jpg,0.02240566037735849,two_lines
images/video03_img_00428.jpg,0.012971698113207548,two_lines
images/video04_img_00000.jpg,0.003537735849056604,two_lines
images/video04_img_00001.jpg,-0.0047169811320754715,two_lines
images/video04_img_00002.jpg,-0.009433962264150943,two_lines
images/video04_img_00003.jpg,-0.009433962264150943,two_lines
images/video04_img_00004.jpg,0.007075471698113208,two_lines
images/video04_img_00005.jpg,0.02122641509433962,two_lines
images/video04_img_00006.jpg,0.02830188679245283,two_lines
images/video04_img_00007.jpg,0.030778301886791808,two_lines
images/video04_img_00008.jpg,0.03773584905660377,two_lines
images/video04_img_00009.jpg,0.041273584905660375,two_lines
images/video04_img_00010.jpg,0.04716981132075472,two_lines
images/video04_img_00011.jpg,0.045990566037735846,two_lines
images/video04_img_00012.jpg,0.0330188679245283,two_lines
images/video04_img_00013.jpg,0.04363207547169811,two_lines
images/video04_img_00014.jpg,0.05070754716981132,two_lines
images/video04_img_00015.jpg,-0.007075471698113208,two_lines
images/video04_img_00016.jpg,-0.1214622641509434,two_lines
images/video04_img_00017.jpg,-0.045990566037735846,two_lines
images/video04_img_00018.jpg,-0.04834905660377359,two_lines
images/video04_img_00019.jpg,-0.04587264150943394,two_lines
images/video04_img_00020.jpg,-0.05306603773584906,two_lines
images/video04_img_00021.jpg,-0.03130896226415089,two_lines
images/video04_img_00022.jpg,-0.0330188679245283,two_lines
images/video04_img_00023.jpg,-0.015330188679245283,two_lines
images/video04_img_00024.jpg,-0.0015919811320754984,two_lines
images/video04_img_00025.jpg,0.0047169811320754715,two_lines
images/video04_img_00026.jpg,-0.012971698113207548,two_lines
images/video04_img_00027.jpg,0.01061320754716981,two_lines
images/video04_img_00028.jpg,0.07193396226415094,two_lines
images/video04_img_00029.jpg,0.0610849056603773,two_lines
images/video04_img_00030.jpg,0.11556603773584906,two_lines
images/video04_img_00031.jpg,0.11320754716981132,two_lines
images/video04_img_00032.jpg,0.1332547169811321,two_lines
images/video04_img_00033.jpg,0.16391509433962265,two_lines
images/video04_img_00034.jpg,0.09669811320754718,two_lines
images/video04_img_00035.jpg,0.05660377358490566,two_lines
images/video04_img_00036.jpg,0.09551886792452831,two_lines
images/video04_img_00037.jpg,0.16745283018867924,two_lines
images/video04_img_00038.jpg,0.18867924528301888,two_lines
images/video04_img_00039.jpg,0.25825471698113206,two_lines
images/video04_img_00040.jpg,0.30660377358490565,two_lines
images/video04_img_00041.jpg,0.31721698113207547,two_lines
images/video04_img_00042.jpg,0.3257075471698114,two_lines
images/video04_img_00043.jpg,0.3266509433962264,two_lines
images/video04_img_00044.jpg,0.3584905660377358,two_lines
images/video04_img_00045.jpg,0.330188679245283,two_lines
images/video04_img_00046.jpg,0.27122641509433965,two_lines
images/video04_img_00047.jpg,0.2169811320754717,two_lines
images/video04_img_00048.jpg,0.1615566037735849,two_lines
images/video04_img_00049.jpg,0.12971698113207547,two_lines
images/video04_img_00050.jpg,0.16391509433962265,two_lines
images/video04_img_00051.jpg,0.18396226415094338,two_lines
images/video04_img_00052.jpg,0.14386792452830188,two_lines
images/video04_img_00053.jpg,0.11910377358490566,two_lines
images/video04_img_00054.jpg,0.07075471698113207,two_lines
images/video04_img_00055.jpg,-0.0330188679245283,two_lines
images/video04_img_00056.jpg,0.020047169811320754,two_lines
images/video04_img_00057.jpg,-0.05306603773584906,two_lines
images/video04_img_00058.jpg,-0.06485849056603774,two_lines
images/video04_img_00059.jpg,-0.036556603773584904,two_lines
images/video04_img_00060.jpg,-0.0011792452830188679,two_lines
images/video04_img_00061.jpg,-0.003537735849056604,two_lines
images/video04_img_00062.jpg,0.007075471698113208,two_lines
images/video04_img_00063.jpg,0.02358490566037736,two_lines
images/video04_img_00064.jpg,0.007075471698113208,two_lines
images/video04_img_00065.jpg,0.007075471698113208,two_lines
images/video04_img_00066.jpg,0.018867924528301886,two_lines
images/video04_img_00067.jpg,-0.0011792452830188679,two_lines
images/video04_img_00068.jpg,0.0011792452830188679,two_lines
images/video04_img_00069.jpg,-0.0023584905660377358,two_lines
images/video04_img_00070.jpg,-0.0047169811320754715,two_lines
images/video04_img_00071.jpg,-0.0023584905660377358,two_lines
images/video04_img_00072.jpg,-0.003537735849056604,two_lines
images/video04_img_00073.jpg,-0.0023584905660377358,two_lines
images/video04_img_00074.jpg,0.0011792452830188679,two_lines
images/video04_img_00075.jpg,-0.003537735849056604,two_lines
images/video04_img_00076.jpg,0.0,two_lines
images/video04_img_00077.jpg,0.009433962264150943,two_lines
images/video04_img_00078.jpg,0.008254716981132075,two_lines
images/video04_img_00079.jpg,-0.0011792452830188679,two_lines
images/video04_img_00080.jpg,-0.00589622641509434,two_lines
images/video04_img_00081.jpg,-0.0047169811320754715,two_lines
images/video04_img_00082.jpg,-0.0023584905660377358,two_lines
images/video04_img_00083.jpg,-0.0023584905660377358,two_lines
images/video04_img_00084.jpg,-0.003537735849056604,two_lines
images/video04_img_00085.jpg,-0.003537735849056604,two_lines
images/video04_img_00086.jpg,-0.0047169811320754715,two_lines
images/video04_img_00087.jpg,-0.00589622641509434,two_lines
images/video04_img_00088.jpg,-0.00589622641509434,two_lines
images/video04_img_00089.jpg,-0.008254716981132075,two_lines
images/video04_img_00090.jpg,-0.003537735849056604,two_lines
images/video04_img_00091.jpg,-0.01061320754716981,two_lines
images/video04_img_00092.jpg,-0.015330188679245283,two_lines
images/video04_img_00093.jpg,0.04858490566037741,two_lines
images/video04_img_00094.jpg,0.1391509433962264,two_lines
images/video04_img_00095.jpg,0.22287735849056603,two_lines
images/video04_img_00096.jpg,0.2417452830188679,two_lines
images/video04_img_00097.jpg,0.24056603773584906,two_lines
images/video04_img_00098.jpg,0.2511792452830189,two_lines
images/video04_img_00099.jpg,0.1509433962264151,two_lines
images/video04_img_00100.jpg,0.18867924528301888,two_lines
images/video04_img_00101.jpg,0.2240566037735849,two_lines
images/video04_img_00102.jpg,0.2205188679245283,two_lines
images/video04_img_00103.jpg,0.2240566037735849,two_lines
images/video04_img_00104.jpg,0.25943396226415094,two_lines
images/video04_img_00105.jpg,0.27004716981132076,two_lines
images/video04_img_00106.jpg,0.14976415094339623,two_lines
images/video04_img_00107.jpg,0.2865566037735849,two_lines
images/video04_img_00108.jpg,0.3313679245283019,two_lines
images/video04_img_00109.jpg,0.3242924528301887,two_lines
images/video04_img_00110.jpg,0.2936320754716981,two_lines
images/video04_img_00111.jpg,0.21580188679245282,two_lines
images/video04_img_00112.jpg,0.38443396226415094,left_line_only
images/video04_img_00113.jpg,0.29952830188679247,left_line_only
images/video04_img_00114.jpg,0.30660377358490565,left_line_only
images/video04_img_00115.jpg,0.1957547169811321,left_line_only
images/video04_img_00116.jpg,0.19410377358490394,left_line_only
images/video04_img_00117.jpg,0.22511792452830198,two_lines
images/video04_img_00118.jpg,0.2830188679245283,left_line_only
images/video04_img_00119.jpg,0.17452830188679244,two_lines
images/video04_img_00120.jpg,0.19103773584905662,two_lines
images/video04_img_00121.jpg,0.27358490566037735,left_line_only
images/video04_img_00122.jpg,0.21108490566037735,two_lines
images/video04_img_00123.jpg,0.12735849056603774,two_lines
images/video04_img_00124.jpg,0.18396226415094338,two_lines
images/video04_img_00125.jpg,0.1403301886792453,two_lines
images/video04_img_00126.jpg,0.0695754716981132,two_lines
images/video04_img_00127.jpg,-0.027122641509433963,two_lines
images/video04_img_00128.jpg,0.0867924528301887,two_lines
images/video04_img_00129.jpg,0.12735849056603774,two_lines
images/video04_img_00130.jpg,0.18136792452830183,two_lines
images/video04_img_00131.jpg,0.18632075471698112,two_lines
images/video04_img_00132.jpg,0.24410377358490565,two_lines
images/video04_img_00133.jpg,0.19404481132075466,two_lines
images/video04_img_00134.jpg,-0.014150943396226415,two_lines
images/video04_img_00135.jpg,0.13089622641509435,two_lines
images/video04_img_00136.jpg,0.2665094339622642,left_line_only
images/video04_img_00137.jpg,0.14976415094339623,two_lines
images/video04_img_00138.jpg,0.15566037735849056,two_lines
images/video04_img_00139.jpg,0.23113207547169812,left_line_only
images/video04_img_00140.jpg,0.25471698113207547,left_line_only
images/video04_img_00141.jpg,0.32075471698113206,left_line_only
images/video04_img_00142.jpg,0.3113207547169811,left_line_only
images/video04_img_00143.jpg,0.11674528301886793,two_lines
images/video04_img_00144.jpg,0.07429245283018868,two_lines
images/video04_img_00145.jpg,0.04392688679245283,two_lines
images/video04_img_00146.jpg,0.01768867924528302,two_lines
images/video04_img_00147.jpg,0.008254716981132075,two_lines
images/video04_img_00148.jpg,0.08018867924528301,two_lines
images/video04_img_00149.jpg,0.08490566037735849,two_lines
images/video04_img_00150.jpg,0.1474056603773585,two_lines
images/video04_img_00151.jpg,0.17199292452830192,two_lines
images/video04_img_00152.jpg,0.16745283018867924,two_lines
images/video04_img_00153.jpg,0.15330188679245282,two_lines
images/video04_img_00154.jpg,0.06132075471698113,two_lines
images/video04_img_00155.jpg,0.04363207547169811,two_lines
images/video04_img_00156.jpg,0.04274764150943396,two_lines
images/video04_img_00157.jpg,0.15212264150943397,two_lines
images/video04_img_00158.jpg,0.1928066037735849,two_lines
images/video04_img_00159.jpg,0.18514150943396226,two_lines
images/video04_img_00160.jpg,0.19339622641509435,two_lines
images/video04_img_00161.jpg,0.07429245283018868,two_lines
images/video04_img_00162.jpg,0.11438679245283019,two_lines
images/video04_img_00163.jpg,0.09433962264150944,two_lines
images/video04_img_00164.jpg,0.1179245283018868,left_line_only
images/video04_img_00165.jpg,0.16037735849056603,left_line_only
images/video04_img_00166.jpg,0.1179245283018868,left_line_only
images/video04_img_00167.jpg,0.1509433962264151,left_line_only
images/video04_img_00168.jpg,0.14386792452830188,left_line_only
images/video04_img_00169.jpg,0.125,left_line_only
images/video04_img_00170.jpg,0.12028301886792453,left_line_only
images/video04_img_00171.jpg,0.14386792452830188,left_line_only
images/video04_img_00172.jpg,0.1391509433962264,left_line_only
images/video04_img_00173.jpg,0.14858490566037735,left_line_only
images/video04_img_00174.jpg,0.14622641509433962,left_line_only
images/video04_img_00175.jpg,0.13679245283018868,left_line_only
images/video04_img_00176.jpg,0.12971698113207547,left_line_only
images/video04_img_00177.jpg,0.11320754716981132,left_line_only
images/video04_img_00178.jpg,0.07075471698113207,left_line_only
images/video04_img_00179.jpg,0.1179245283018868,two_lines
images/video04_img_00180.jpg,0.11556603773584906,left_line_only
images/video04_img_00181.jpg,0.07547169811320754,left_line_only
images/video04_img_00182.jpg,0.10849056603773585,left_line_only
images/video04_img_00183.jpg,0.07075471698113207,left_line_only
images/video04_img_00184.jpg,0.05660377358490566,left_line_only
images/video04_img_00185.jpg,0.1403301886792453,two_lines
images/video04_img_00186.jpg,0.1449292452830163,two_lines
images/video04_img_00187.jpg,0.14622641509433962,two_lines
images/video04_img_00188.jpg,0.1179245283018868,two_lines
images/video04_img_00189.jpg,0.1559551886792453,two_lines
images/video04_img_00190.jpg,0.16745283018867924,two_lines
images/video04_img_00191.jpg,0.15701650943396223,two_lines
images/video04_img_00192.jpg,0.1721698113207547,two_lines
images/video04_img_00193.jpg,0.13679245283018868,left_line_only
images/video04_img_00194.jpg,0.14858490566037735,left_line_only
images/video04_img_00195.jpg,0.1721698113207547,left_line_only
images/video04_img_00196.jpg,0.18160377358490565,left_line_only
images/video04_img_00197.jpg,0.16981132075471697,left_line_only
images/video04_img_00198.jpg,0.1792452830188679,left_line_only
images/video04_img_00199.jpg,0.16745283018867924,left_line_only
images/video04_img_00200.jpg,0.16745283018867924,left_line_only
images/video04_img_00201.jpg,0.14386792452830188,left_line_only
images/video04_img_00202.jpg,0.1580188679245283,left_line_only
images/video04_img_00203.jpg,0.16037735849056603,left_line_only
images/video04_img_00204.jpg,0.1650943396226415,left_line_only
images/video04_img_00205.jpg,0.16981132075471697,left_line_only
images/video04_img_00206.jpg,0.19811320754716982,left_line_only
images/video04_img_00207.jpg,0.17452830188679244,left_line_only
images/video04_img_00208.jpg,0.12264150943396226,left_line_only
images/video04_img_00209.jpg,0.11084905660377359,left_line_only
images/video04_img_00210.jpg,0.12971698113207547,left_line_only
images/video04_img_00211.jpg,0.12759433962263808,left_line_only
images/video04_img_00212.jpg,0.10849056603773585,left_line_only
images/video04_img_00213.jpg,0.049528301886792456,left_line_only
images/video04_img_00214.jpg,0.03537735849056604,left_line_only
images/video04_img_00215.jpg,0.04009433962264151,left_line_only
images/video04_img_00216.jpg,0.05660377358490566,left_line_only
images/video04_img_00217.jpg,0.07075471698113207,left_line_only
images/video04_img_00218.jpg,0.09198113207547169,left_line_only
images/video04_img_00219.jpg,0.10613207547169812,left_line_only
images/video04_img_00220.jpg,0.125,left_line_only
images/video04_img_00221.jpg,0.125,left_line_only
images/video04_img_00222.jpg,0.15330188679245282,left_line_only
images/video04_img_00223.jpg,0.16745283018867924,left_line_only
images/video04_img_00224.jpg,0.16745283018867924,left_line_only
images/video04_img_00225.jpg,0.17452830188679244,left_line_only
images/video04_img_00226.jpg,0.14150943396226415,left_line_only
images/video04_img_00227.jpg,0.125,left_line_only
images/video04_img_00228.jpg,0.14009433962263637,left_line_only
images/video04_img_00229.jpg,0.14386792452830188,left_line_only
images/video04_img_00230.jpg,0.15330188679245282,left_line_only
images/video04_img_00231.jpg,0.16273584905660377,left_line_only
images/video04_img_00232.jpg,0.16981132075471697,left_line_only
images/video04_img_00233.jpg,0.16981132075471697,left_line_only
images/video04_img_00234.jpg,0.16981132075471697,left_line_only
images/video04_img_00235.jpg,0.17688679245283018,left_line_only
images/video04_img_00236.jpg,0.2028301886792453,left_line_only
images/video04_img_00237.jpg,0.22169811320754718,left_line_only
images/video04_img_00238.jpg,0.24056603773584906,left_line_only
images/video04_img_00239.jpg,0.2429245283018868,left_line_only
images/video04_img_00240.jpg,0.2429245283018868,left_line_only
images/video04_img_00241.jpg,0.2358490566037736,left_line_only
images/video04_img_00242.jpg,0.2099056603773585,left_line_only
images/video04_img_00243.jpg,0.17688679245283018,left_line_only
images/video04_img_00244.jpg,0.21462264150943397,left_line_only
images/video04_img_00245.jpg,0.18160377358490565,left_line_only
images/video04_img_00246.jpg,0.17452830188679244,left_line_only
images/video04_img_00247.jpg,0.1957547169811321,left_line_only
images/video04_img_00248.jpg,0.19811320754716982,left_line_only
images/video04_img_00249.jpg,0.18632075471698112,left_line_only
images/video04_img_00250.jpg,0.22641509433962265,left_line_only
images/video04_img_00251.jpg,0.2617924528301887,left_line_only
images/video04_img_00252.jpg,0.24056603773584906,left_line_only
images/video04_img_00253.jpg,0.2099056603773585,left_line_only
images/video04_img_00254.jpg,0.1580188679245283,left_line_only
images/video04_img_00255.jpg,0.2034198113207547,left_line_only
images/video04_img_00256.jpg,0.15330188679245282,left_line_only
images/video04_img_00257.jpg,0.1509433962264151,left_line_only
images/video04_img_00258.jpg,0.20047169811320756,left_line_only
images/video04_img_00259.jpg,0.20754716981132076,left_line_only
images/video04_img_00260.jpg,0.20518867924528303,left_line_only
images/video04_img_00261.jpg,0.2028301886792453,left_line_only
images/video04_img_00262.jpg,0.2028301886792453,left_line_only
images/video04_img_00263.jpg,0.20047169811320756,left_line_only
images/video04_img_00264.jpg,0.19811320754716982,left_line_only
images/video04_img_00265.jpg,0.21226415094339623,left_line_only
images/video04_img_00266.jpg,0.21226415094339623,left_line_only
images/video04_img_00267.jpg,0.1957547169811321,left_line_only
images/video04_img_00268.jpg,0.20047169811320756,left_line_only
images/video04_img_00269.jpg,0.19103773584905662,left_line_only
images/video04_img_00270.jpg,0.17688679245283018,left_line_only
images/video04_img_00271.jpg,0.18396226415094338,left_line_only
images/video04_img_00272.jpg,0.19103773584905662,left_line_only
images/video04_img_00273.jpg,0.015742924528301915,two_lines
images/video04_img_00274.jpg,0.06485849056603774,two_lines
images/video04_img_00275.jpg,-0.05660377358490566,left_line_only
images/video04_img_00276.jpg,-0.05660377358490566,left_line_only
images/video04_img_00277.jpg,0.07311320754716981,left_line_only
images/video04_img_00278.jpg,0.11320754716981132,left_line_only
images/video04_img_00279.jpg,0.1320754716981132,left_line_only
images/video04_img_00280.jpg,-0.08254716981132075,left_line_only
images/video04_img_00281.jpg,-0.04009433962264151,left_line_only
images/video04_img_00282.jpg,-0.0023584905660377358,left_line_only
images/video04_img_00283.jpg,-0.01179245283018868,left_line_only
images/video04_img_00284.jpg,0.018867924528301886,left_line_only
images/video04_img_00285.jpg,0.030660377358490566,left_line_only
images/video04_img_00286.jpg,0.06367924528301887,left_line_only
images/video04_img_00287.jpg,0.10613207547169812,left_line_only
images/video04_img_00288.jpg,0.16037735849056603,left_line_only
images/video04_img_00289.jpg,0.1580188679245283,left_line_only
images/video04_img_00290.jpg,0.20518867924528303,left_line_only
images/video04_img_00291.jpg,0.2099056603773585,left_line_only
images/video04_img_00292.jpg,0.2169811320754717,left_line_only
images/video04_img_00293.jpg,0.25707547169811323,left_line_only
images/video04_img_00294.jpg,0.25707547169811323,left_line_only
images/video04_img_00295.jpg,0.23349056603773585,left_line_only
images/video04_img_00296.jpg,0.20047169811320756,left_line_only
images/video04_img_00297.jpg,0.13679245283018868,left_line_only
images/video04_img_00298.jpg,0.14386792452830188,left_line_only
images/video04_img_00299.jpg,0.13679245283018868,left_line_only
images/video04_img_00300.jpg,0.18632075471698112,left_line_only
images/video04_img_00301.jpg,0.21226415094339623,left_line_only
images/video04_img_00302.jpg,0.18396226415094338,left_line_only
images/video04_img_00303.jpg,0.15330188679245282,left_line_only
images/video04_img_00304.jpg,0.1650943396226415,left_line_only
images/video04_img_00305.jpg,0.1792452830188679,left_line_only
images/video04_img_00306.jpg,0.19339622641509435,left_line_only
images/video04_img_00307.jpg,0.09905660377358491,left_line_only
images/video04_img_00308.jpg,0.0589622641509434,left_line_only
images/video04_img_00309.jpg,0.10613207547169812,left_line_only
images/video04_img_00310.jpg,0.06132075471698113,left_line_only
images/video04_img_00311.jpg,0.14268867924528303,two_lines
images/video04_img_00312.jpg,0.11320754716981132,left_line_only
images/video04_img_00313.jpg,0.16037735849056603,left_line_only
images/video04_img_00314.jpg,0.14150943396226415,left_line_only
images/video04_img_00315.jpg,0.1721698113207547,left_line_only
images/video04_img_00316.jpg,0.14386792452830188,left_line_only
images/video04_img_00317.jpg,0.18396226415094338,left_line_only
images/video04_img_00318.jpg,0.21226415094339623,left_line_only
images/video04_img_00319.jpg,0.23113207547169812,left_line_only
images/video04_img_00320.jpg,0.19811320754716982,left_line_only
images/video04_img_00321.jpg,0.21261792452830533,left_line_only
images/video04_img_00322.jpg,0.33962264150943394,left_line_only
images/video04_img_00323.jpg,0.10377358490566038,two_lines
images/video04_img_00324.jpg,0.11556603773584906,two_lines
images/video04_img_00325.jpg,0.06721698113207547,two_lines
images/video04_img_00326.jpg,0.04716981132075472,two_lines
images/video04_img_00327.jpg,-0.007075471698113208,two_lines
images/video04_img_00328.jpg,-0.05070754716981132,two_lines
images/video04_img_00329.jpg,-0.07783018867924528,two_lines
images/video04_img_00330.jpg,-0.007075471698113208,two_lines
images/video04_img_00331.jpg,-0.00589622641509434,two_lines
images/video04_img_00332.jpg,-0.009433962264150943,two_lines
images/video04_img_00333.jpg,0.06367924528301887,two_lines
images/video04_img_00334.jpg,0.05778301886792453,two_lines
images/video04_img_00335.jpg,-0.02240566037735849,two_lines
images/video04_img_00336.jpg,-0.003537735849056604,two_lines
images/video04_img_00337.jpg,-0.0023584905660377358,two_lines
images/video04_img_00338.jpg,-0.007075471698113208,two_lines
images/video04_img_00339.jpg,0.005188679245282992,two_lines
images/video04_img_00340.jpg,0.0011792452830188679,two_lines
images/video04_img_00341.jpg,0.012971698113207548,two_lines
images/video04_img_00342.jpg,0.04575471698113148,two_lines
images/video04_img_00343.jpg,0.06839622641509434,two_lines
images/video04_img_00344.jpg,0.031839622641509434,two_lines
images/video04_img_00345.jpg,0.04363207547169811,two_lines
images/video04_img_00346.jpg,0.03873820754716809,two_lines
images/video04_img_00347.jpg,0.0451061320754717,two_lines
images/video04_img_00348.jpg,0.03891509433962264,two_lines
images/video04_img_00349.jpg,0.0695754716981132,two_lines
images/video04_img_00350.jpg,0.01568396226415089,two_lines
images/video04_img_00351.jpg,0.04009433962264151,two_lines
images/video04_img_00352.jpg,0.01898584905660313,two_lines
images/video04_img_00353.jpg,0.05188679245283019,two_lines
images/video04_img_00354.jpg,0.08608490566037735,two_lines
images/video04_img_00355.jpg,0.08254716981132075,two_lines
images/video04_img_00356.jpg,0.04245283018867924,two_lines
images/video04_img_00357.jpg,0.045990566037735846,two_lines
images/video04_img_00358.jpg,0.06314858490566032,two_lines
images/video04_img_00359.jpg,0.06692216981132075,two_lines
images/video04_img_00360.jpg,0.015330188679245283,two_lines
images/video04_img_00361.jpg,0.01650943396226415,two_lines
images/video04_img_00362.jpg,0.02122641509433962,two_lines
images/video04_img_00363.jpg,0.027122641509433963,two_lines
images/video04_img_00364.jpg,0.025943396226415096,two_lines
images/video04_img_00365.jpg,0.02122641509433962,two_lines
images/video04_img_00366.jpg,0.02240566037735849,two_lines
images/video04_img_00367.jpg,0.02535377358490566,two_lines
images/video04_img_00368.jpg,0.012971698113207548,two_lines
images/video04_img_00369.jpg,0.01650943396226415,two_lines
images/video04_img_00370.jpg,0.02830188679245283,two_lines
images/video04_img_00371.jpg,0.02830188679245283,two_lines
images/video04_img_00372.jpg,0.11202830188679246,two_lines
images/video04_img_00373.jpg,0.10966981132075472,two_lines
images/video04_img_00374.jpg,0.01987028301886795,two_lines
images/video04_img_00375.jpg,0.018867924528301886,two_lines
images/video04_img_00376.jpg,0.024764150943396228,two_lines
images/video04_img_00377.jpg,0.020047169811320754,two_lines
images/video04_img_00378.jpg,0.025943396226415096,two_lines
images/video04_img_00379.jpg,0.03419811320754717,two_lines
images/video04_img_00380.jpg,0.030660377358490566,two_lines
images/video04_img_00381.jpg,0.03378537735849054,two_lines
images/video04_img_00382.jpg,0.0330188679245283,two_lines
images/video04_img_00383.jpg,0.03608490566037779,two_lines
images/video04_img_00384.jpg,0.014150943396226415,two_lines
images/video04_img_00385.jpg,0.02240566037735849,two_lines
images/video04_img_00386.jpg,0.027122641509433963,two_lines
images/video04_img_00387.jpg,0.024764150943396228,two_lines
images/video04_img_00388.jpg,0.025943396226415096,two_lines
images/video04_img_00389.jpg,0.1580188679245283,two_lines
images/video04_img_00390.jpg,0.013974056603773611,two_lines
images/video04_img_00391.jpg,0.012971698113207548,two_lines
images/video04_img_00392.jpg,0.009433962264150943,two_lines
images/video04_img_00393.jpg,0.009433962264150943,two_lines
images/video04_img_00394.jpg,0.01179245283018868,two_lines
images/video04_img_00395.jpg,0.012971698113207548,two_lines
images/video04_img_00396.jpg,-0.020047169811320754,two_lines
images/video04_img_00397.jpg,-0.02122641509433962,two_lines
images/video04_img_00398.jpg,-0.02240566037735849,two_lines
images/video04_img_00399.jpg,0.007075471698113208,two_lines
images/video04_img_00400.jpg,0.018867924528301886,two_lines
images/video04_img_00401.jpg,0.012971698113207548,two_lines
images/video04_img_00402.jpg,0.015330188679245283,two_lines
images/video04_img_00403.jpg,0.014150943396226415,two_lines
images/video04_img_00404.jpg,0.01768867924528302,two_lines
images/video04_img_00405.jpg,0.01650943396226415,two_lines
images/video04_img_00406.jpg,0.015330188679245283,two_lines
images/video04_img_00407.jpg,0.01061320754716981,two_lines
images/video04_img_00408.jpg,0.014150943396226415,two_lines
images/video04_img_00409.jpg,0.009433962264150943,two_lines
images/video04_img_00410.jpg,0.02240566037735849,two_lines
images/video05_img_00000.jpg,-0.05660377358490566,two_lines
images/video05_img_00001.jpg,-0.055424528301886794,two_lines
images/video05_img_00002.jpg,-0.05070754716981132,two_lines
images/video05_img_00003.jpg,-0.04245283018867924,two_lines
images/video05_img_00004.jpg,-0.03537735849056604,two_lines
images/video05_img_00005.jpg,-0.034610849056603665,two_lines
images/video05_img_00006.jpg,-0.0294811320754717,two_lines
images/video05_img_00007.jpg,-0.030660377358490566,two_lines
images/video05_img_00008.jpg,-0.01650943396226415,two_lines
images/video05_img_00009.jpg,-0.007075471698113208,two_lines
images/video05_img_00010.jpg,-0.0023584905660377358,two_lines
images/video05_img_00011.jpg,0.00589622641509434,two_lines
images/video05_img_00012.jpg,0.01061320754716981,two_lines
images/video05_img_00013.jpg,0.01768867924528302,two_lines
images/video05_img_00014.jpg,0.02240566037735849,two_lines
images/video05_img_00015.jpg,0.024764150943396228,two_lines
images/video05_img_00016.jpg,0.02240566037735849,two_lines
images/video05_img_00017.jpg,0.02122641509433962,two_lines
images/video05_img_00018.jpg,0.03119103773584911,two_lines
images/video05_img_00019.jpg,0.03419811320754717,two_lines
images/video05_img_00020.jpg,0.03773584905660377,two_lines
images/video05_img_00021.jpg,0.036556603773584904,two_lines
images/video05_img_00022.jpg,0.0330188679245283,two_lines
images/video05_img_00023.jpg,0.036556603773584904,two_lines
images/video05_img_00024.jpg,0.0330188679245283,two_lines
images/video05_img_00025.jpg,0.031367924528301915,two_lines
images/video05_img_00026.jpg,0.03773584905660377,two_lines
images/video05_img_00027.jpg,0.054245283018867926,two_lines
images/video05_img_00028.jpg,0.0695754716981132,two_lines
images/video05_img_00029.jpg,0.06721698113207547,two_lines
images/video05_img_00030.jpg,0.06721698113207547,two_lines
images/video05_img_00031.jpg,0.06721698113207547,two_lines
images/video05_img_00032.jpg,0.08136792452830188,two_lines
images/video05_img_00033.jpg,0.08726415094339622,two_lines
images/video05_img_00034.jpg,0.09551886792452831,two_lines
images/video05_img_00035.jpg,0.10141509433962265,two_lines
images/video05_img_00036.jpg,0.10984669811320752,two_lines
images/video05_img_00037.jpg,0.1179245283018868,two_lines
images/video05_img_00038.jpg,0.11320754716981132,two_lines
images/video05_img_00039.jpg,0.10495283018867925,two_lines
images/video05_img_00040.jpg,0.11084905660377359,two_lines
images/video05_img_00041.jpg,0.09433962264150944,two_lines
images/video05_img_00042.jpg,0.08608490566037735,two_lines
images/video05_img_00043.jpg,0.10966981132075472,two_lines
images/video05_img_00044.jpg,0.1214622641509434,two_lines
images/video05_img_00045.jpg,0.12853773584905662,two_lines
images/video05_img_00046.jpg,0.11910377358490566,two_lines
images/video05_img_00047.jpg,0.12617924528301888,two_lines
images/video05_img_00048.jpg,0.13679245283018868,two_lines
images/video05_img_00049.jpg,0.13714622641509427,two_lines
images/video05_img_00050.jpg,0.14268867924528303,two_lines
images/video05_img_00051.jpg,0.14829009433962265,two_lines
images/video05_img_00052.jpg,0.14622641509433962,two_lines
images/video05_img_00053.jpg,0.1320754716981132,two_lines
images/video05_img_00054.jpg,0.1214622641509434,two_lines
images/video05_img_00055.jpg,0.08844339622641509,two_lines
images/video05_img_00056.jpg,0.06839622641509434,two_lines
images/video05_img_00057.jpg,0.09198113207547169,two_lines
images/video05_img_00058.jpg,0.1214622641509434,two_lines
images/video05_img_00059.jpg,0.14504716981132076,two_lines
images/video05_img_00060.jpg,0.14386792452830188,two_lines
images/video05_img_00061.jpg,0.14386792452830188,two_lines
images/video05_img_00062.jpg,0.1403301886792453,two_lines
images/video05_img_00063.jpg,0.15212264150943397,two_lines
images/video05_img_00064.jpg,0.1804245283018868,two_lines
images/video05_img_00065.jpg,0.1403301886792453,two_lines
images/video05_img_00066.jpg,0.10023584905660378,two_lines
images/video05_img_00067.jpg,0.09316037735849056,two_lines
images/video05_img_00068.jpg,0.08254716981132075,two_lines
images/video05_img_00069.jpg,0.1214622641509434,two_lines
images/video05_img_00070.jpg,0.1615566037735849,two_lines
images/video05_img_00071.jpg,0.17570754716981132,two_lines
images/video05_img_00072.jpg,0.17452830188679244,two_lines
images/video05_img_00073.jpg,0.16863207547169812,two_lines
images/video05_img_00074.jpg,0.15748820754716975,two_lines
images/video05_img_00075.jpg,0.16273584905660377,two_lines
images/video05_img_00076.jpg,0.1721698113207547,two_lines
images/video05_img_00077.jpg,0.18396226415094338,two_lines
images/video05_img_00078.jpg,0.19209905660377102,two_lines
images/video05_img_00079.jpg,0.18867924528301888,two_lines
images/video05_img_00080.jpg,0.1733490566037736,two_lines
images/video05_img_00081.jpg,0.18514150943396226,two_lines
images/video05_img_00082.jpg,0.18632075471698112,two_lines
images/video05_img_00083.jpg,0.16273584905660377,two_lines
images/video05_img_00084.jpg,0.1721698113207547,two_lines
images/video05_img_00085.jpg,0.16273584905660377,two_lines
images/video05_img_00086.jpg,0.1733490566037736,two_lines
images/video05_img_00087.jpg,0.2028301886792453,two_lines
images/video05_img_00088.jpg,0.21073113207547176,two_lines
images/video05_img_00089.jpg,0.19693396226415094,two_lines
images/video05_img_00090.jpg,0.23520047169811326,two_lines
images/video05_img_00091.jpg,0.23820754716981132,two_lines
images/video05_img_00092.jpg,0.23702830188679244,two_lines
images/video05_img_00093.jpg,0.23702830188679244,two_lines
images/video05_img_00094.jpg,0.2358490566037736,two_lines
images/video05_img_00095.jpg,0.22358490566037725,two_lines
images/video05_img_00096.jpg,0.25235849056603776,two_lines
images/video05_img_00097.jpg,0.2688679245283019,left_line_only
images/video05_img_00098.jpg,0.20353773584905663,two_lines
images/video05_img_00099.jpg,0.1509433962264151,two_lines
images/video05_img_00100.jpg,0.14622641509433962,two_lines
images/video05_img_00101.jpg,0.19221698113207547,two_lines
images/video05_img_00102.jpg,0.19162735849056603,two_lines
images/video05_img_00103.jpg,0.18702830188679248,two_lines
images/video05_img_00104.jpg,0.1792452830188679,two_lines
images/video05_img_00105.jpg,0.1509433962264151,two_lines
images/video05_img_00106.jpg,0.14858490566037735,two_lines
images/video05_img_00107.jpg,0.14858490566037735,two_lines
images/video05_img_00108.jpg,0.09905660377358491,left_line_only
images/video05_img_00109.jpg,0.08254716981132075,left_line_only
images/video05_img_00110.jpg,0.09433962264150944,left_line_only
images/video05_img_00111.jpg,0.049528301886792456,left_line_only
images/video05_img_00112.jpg,0.01179245283018868,left_line_only
images/video05_img_00113.jpg,0.09433962264150944,two_lines
images/video05_img_00114.jpg,0.08844339622641509,two_lines
images/video05_img_00115.jpg,0.055424528301886794,two_lines
images/video05_img_00116.jpg,0.11320754716981132,two_lines
images/video05_img_00117.jpg,0.08231132075471612,two_lines
images/video05_img_00118.jpg,0.08844339622641509,two_lines
images/video05_img_00119.jpg,-0.3584905660377358,two_lines
images/video05_img_00120.jpg,0.003537735849056604,two_lines
images/video05_img_00121.jpg,0.02830188679245283,two_lines
images/video05_img_00122.jpg,0.018867924528301886,two_lines
images/video05_img_00123.jpg,0.01768867924528302,two_lines
images/video05_img_00124.jpg,0.012971698113207548,two_lines
images/video05_img_00125.jpg,0.0011792452830188679,two_lines
images/video05_img_00126.jpg,-0.007075471698113208,two_lines
images/video05_img_00127.jpg,-0.012971698113207548,two_lines
images/video05_img_00128.jpg,-0.034905660377358386,two_lines
images/video05_img_00129.jpg,-0.036556603773584904,two_lines
images/video05_img_00130.jpg,-0.0589622641509434,two_lines
images/video05_img_00131.jpg,-0.03773584905660377,two_lines
images/video05_img_00132.jpg,-0.04481132075471698,two_lines
images/video05_img_00133.jpg,-0.02122641509433962,two_lines
images/video05_img_00134.jpg,0.0011792452830188679,two_lines
images/video05_img_00135.jpg,-0.04245283018867924,two_lines
images/video05_img_00136.jpg,-0.22287735849056603,two_lines
images/video05_img_00137.jpg,-0.0047169811320754715,two_lines
images/video05_img_00138.jpg,-0.01768867924528302,two_lines
images/video05_img_00139.jpg,-0.28696933962264143,two_lines
images/video05_img_00140.jpg,-0.2641509433962264,two_lines
images/video05_img_00141.jpg,-0.2358490566037736,two_lines
images/video05_img_00142.jpg,-0.1733490566037736,two_lines
images/video05_img_00143.jpg,-0.1544811320754717,two_lines
images/video05_img_00144.jpg,-0.12382075471698113,two_lines
images/video05_img_00145.jpg,-0.06367924528301887,two_lines
images/video05_img_00146.jpg,-0.04009433962264151,two_lines
images/video05_img_00147.jpg,-0.02830188679245283,two_lines
images/video05_img_00148.jpg,0.031839622641509434,two_lines
images/video05_img_00149.jpg,-0.0330188679245283,two_lines
images/video05_img_00150.jpg,-0.09905660377358491,two_lines
images/video05_img_00151.jpg,-0.1214622641509434,two_lines
images/video05_img_00152.jpg,-0.1544811320754717,two_lines
images/video05_img_00153.jpg,-0.14622641509433962,two_lines
images/video05_img_00154.jpg,-0.17452830188679244,two_lines
images/video05_img_00155.jpg,-0.12617924528301888,two_lines
images/video05_img_00156.jpg,-0.07783018867924528,two_lines
images/video05_img_00157.jpg,0.0,two_lines
images/video05_img_00158.jpg,0.02240566037735849,two_lines
images/video05_img_00159.jpg,0.024764150943396228,two_lines
images/video05_img_00160.jpg,0.020047169811320754,two_lines
images/video05_img_00161.jpg,0.007075471698113208,two_lines
images/video05_img_00162.jpg,0.036556603773584904,two_lines
images/video05_img_00163.jpg,0.049528301886792456,two_lines
images/video05_img_00164.jpg,0.045990566037735846,two_lines
images/video05_img_00165.jpg,0.049528301886792456,two_lines
images/video05_img_00166.jpg,0.055424528301886794,two_lines
images/video05_img_00167.jpg,0.05070754716981132,two_lines
images/video05_img_00168.jpg,0.0589622641509434,two_lines
images/video05_img_00169.jpg,0.06485849056603774,two_lines
images/video05_img_00170.jpg,0.054245283018867926,two_lines
images/video05_img_00171.jpg,-0.0047169811320754715,two_lines
images/video05_img_00172.jpg,0.0589622641509434,two_lines
images/video05_img_00173.jpg,0.05778301886792453,two_lines
images/video05_img_00174.jpg,0.06279481132075472,two_lines
images/video05_img_00175.jpg,0.06839622641509434,two_lines
images/video05_img_00176.jpg,0.08608490566037735,two_lines
images/video05_img_00177.jpg,0.2028301886792453,left_line_only
images/video05_img_00178.jpg,0.05306603773584906,two_lines
images/video05_img_00179.jpg,-0.09787735849056604,two_lines
images/video05_img_00180.jpg,-0.14622641509433962,two_lines
images/video05_img_00181.jpg,-0.15330188679245282,right_line_only
images/video05_img_00182.jpg,-0.21580188679245282,two_lines
images/video05_img_00183.jpg,-0.25589622641509435,two_lines
images/video05_img_00184.jpg,-0.2034787735849056,two_lines
images/video05_img_00185.jpg,-0.2028301886792453,two_lines
images/video05_img_00186.jpg,-0.1875,two_lines
images/video05_img_00187.jpg,-0.16037735849056603,two_lines
images/video05_img_00188.jpg,-0.2169811320754717,two_lines
images/video05_img_00189.jpg,-0.1792452830188679,two_lines
images/video05_img_00190.jpg,-0.18985849056603774,two_lines
images/video05_img_00191.jpg,-0.20636792452830188,two_lines
images/video05_img_00192.jpg,-0.19811320754716982,two_lines
images/video05_img_00193.jpg,-0.2016509433962264,two_lines
images/video05_img_00194.jpg,-0.22169811320754718,two_lines
images/video05_img_00195.jpg,-0.2346698113207547,two_lines
images/video05_img_00196.jpg,-0.2240566037735849,two_lines
images/video05_img_00197.jpg,-0.22293632075471692,two_lines
images/video05_img_00198.jpg,-0.22323113207547177,two_lines
images/video05_img_00199.jpg,-0.21350235849056598,two_lines
images/video05_img_00200.jpg,-0.20518867924528303,two_lines
images/video05_img_00201.jpg,-0.20949292452830198,two_lines
images/video05_img_00202.jpg,-0.2016509433962264,two_lines
images/video05_img_00203.jpg,-0.1733490566037736,two_lines
images/video05_img_00204.jpg,-0.16037735849056603,two_lines
images/video05_img_00205.jpg,-0.16863207547169812,two_lines
images/video05_img_00206.jpg,-0.14858490566037735,two_lines
images/video05_img_00207.jpg,-0.09551886792452831,two_lines
images/video05_img_00208.jpg,-0.055424528301886794,two_lines
images/video05_img_00209.jpg,-0.060141509433962265,two_lines
images/video05_img_00210.jpg,-0.11674528301886793,two_lines
images/video05_img_00211.jpg,-0.11202830188679246,two_lines
images/video05_img_00212.jpg,-0.03419811320754717,two_lines
images/video05_img_00213.jpg,-0.04245283018867924,two_lines
images/video05_img_00214.jpg,0.11320754716981132,right_line_only
images/video05_img_00215.jpg,-0.07665094339622641,two_lines
images/video05_img_00216.jpg,-0.054245283018867926,two_lines
images/video05_img_00217.jpg,-0.07193396226415094,two_lines
images/video05_img_00218.jpg,0.01768867924528302,two_lines
images/video05_img_00219.jpg,0.027122641509433963,two_lines
images/video05_img_00220.jpg,0.014150943396226415,two_lines
images/video05_img_00221.jpg,0.01061320754716981,two_lines
images/video05_img_00222.jpg,-0.027122641509433963,two_lines
images/video05_img_00223.jpg,-0.005365566037735796,two_lines
images/video05_img_00224.jpg,0.020518867924528277,two_lines
images/video05_img_00225.jpg,0.024764150943396228,two_lines
images/video05_img_00226.jpg,0.03419811320754717,two_lines
images/video05_img_00227.jpg,0.030660377358490566,two_lines
images/video05_img_00228.jpg,0.03891509433962264,two_lines
images/video05_img_00229.jpg,0.05306603773584906,two_lines
images/video05_img_00230.jpg,0.0589622641509434,two_lines
images/video05_img_00231.jpg,0.0660377358490566,two_lines
images/video05_img_00232.jpg,0.08372641509433962,two_lines
images/video05_img_00233.jpg,0.09433962264150944,two_lines
images/video05_img_00234.jpg,0.08254716981132075,two_lines
images/video05_img_00235.jpg,0.07783018867924528,two_lines
images/video05_img_00236.jpg,0.07311320754716981,two_lines
images/video05_img_00237.jpg,0.07665094339622641,two_lines
images/video05_img_00238.jpg,0.07665094339622641,two_lines
images/video05_img_00239.jpg,0.07665094339622641,two_lines
images/video05_img_00240.jpg,0.041273584905660375,two_lines
images/video05_img_00241.jpg,-0.015330188679245283,two_lines
images/video05_img_00242.jpg,-0.01179245283018868,two_lines
images/video05_img_00243.jpg,-0.01061320754716981,two_lines
images/video05_img_00244.jpg,0.003537735849056604,two_lines
images/video05_img_00245.jpg,0.01061320754716981,two_lines
images/video05_img_00246.jpg,-0.027122641509433963,two_lines
images/video05_img_00247.jpg,-0.03891509433962264,two_lines
images/video05_img_00248.jpg,-0.08490566037735849,two_lines
images/video05_img_00249.jpg,-0.09316037735849056,two_lines
images/video05_img_00250.jpg,-0.06367924528301887,two_lines
images/video05_img_00251.jpg,-0.04834905660377359,two_lines
images/video05_img_00252.jpg,-0.020047169811320754,two_lines
images/video05_img_00253.jpg,-0.009433962264150943,two_lines
images/video05_img_00254.jpg,0.009433962264150943,two_lines
images/video05_img_00255.jpg,-0.005778301886792024,two_lines
images/video05_img_00256.jpg,0.01179245283018868,two_lines
images/video05_img_00257.jpg,0.003537735849056604,two_lines
images/video05_img_00258.jpg,-0.01179245283018868,two_lines
images/video05_img_00259.jpg,-0.03419811320754717,two_lines
images/video05_img_00260.jpg,-0.07783018867924528,two_lines
images/video05_img_00261.jpg,-0.10377358490566038,two_lines
images/video05_img_00262.jpg,-0.060613207547169784,two_lines
images/video05_img_00263.jpg,-0.06367924528301887,two_lines
images/video05_img_00264.jpg,-0.06839622641509434,two_lines
images/video05_img_00265.jpg,-0.06721698113207547,two_lines
images/video05_img_00266.jpg,-0.08372641509433962,two_lines
images/video05_img_00267.jpg,-0.049528301886792456,two_lines
images/video05_img_00268.jpg,-0.034139150943396014,two_lines
images/video05_img_00269.jpg,-0.01768867924528302,two_lines
images/video05_img_00270.jpg,-0.009433962264150943,two_lines
images/video05_img_00271.jpg,0.0047169811320754715,two_lines
images/video05_img_00272.jpg,-0.02240566037735849,two_lines
images/video05_img_00273.jpg,-0.030660377358490566,two_lines
images/video05_img_00274.jpg,-0.02122641509433962,two_lines
images/video05_img_00275.jpg,-0.020047169811320754,two_lines
images/video05_img_00276.jpg,0.003537735849056604,two_lines
images/video05_img_00277.jpg,0.009433962264150943,two_lines
images/video05_img_00278.jpg,-0.003537735849056604,two_lines
images/video05_img_00279.jpg,-0.025943396226415096,two_lines
images/video05_img_00280.jpg,-0.03419811320754717,two_lines
images/video05_img_00281.jpg,-0.0294811320754717,two_lines
images/video05_img_00282.jpg,-0.015330188679245283,two_lines
images/video05_img_00283.jpg,-0.003537735849056604,two_lines
images/video05_img_00284.jpg,0.012971698113207548,two_lines
images/video05_img_00285.jpg,0.0023584905660377358,two_lines
images/video05_img_00286.jpg,0.01061320754716981,two_lines
images/video05_img_00287.jpg,0.01179245283018868,two_lines
images/video05_img_00288.jpg,0.003537735849056604,two_lines
images/video05_img_00289.jpg,-0.020047169811320754,two_lines
images/video05_img_00290.jpg,-0.008254716981132075,two_lines
images/video05_img_00291.jpg,-0.01179245283018868,two_lines
images/video05_img_00292.jpg,0.018867924528301886,two_lines
images/video05_img_00293.jpg,0.003537735849056604,two_lines
images/video05_img_00294.jpg,0.0047169811320754715,two_lines
images/video05_img_00295.jpg,0.031839622641509434,two_lines
images/video05_img_00296.jpg,0.0294811320754717,two_lines
images/video05_img_00297.jpg,0.0540094339622641,two_lines
images/video05_img_00298.jpg,0.0294811320754717,two_lines
images/video05_img_00299.jpg,-0.041273584905660375,two_lines
images/video05_img_00300.jpg,-0.16745283018867924,two_lines
images/video05_img_00301.jpg,-0.16273584905660377,two_lines
images/video05_img_00302.jpg,-0.11320754716981132,two_lines
images/video05_img_00303.jpg,-0.08136792452830188,two_lines
images/video05_img_00304.jpg,-0.024764150943396228,two_lines
images/video05_img_00305.jpg,0.030660377358490566,two_lines
images/video05_img_00306.jpg,0.03891509433962264,two_lines
images/video05_img_00307.jpg,0.054245283018867926,two_lines
images/video05_img_00308.jpg,0.049528301886792456,two_lines
images/video05_img_00309.jpg,0.04834905660377359,two_lines
images/video05_img_00310.jpg,0.05070754716981132,two_lines
images/video05_img_00311.jpg,0.07429245283018868,two_lines
images/video05_img_00312.jpg,0.07311320754716981,two_lines
images/video05_img_00313.jpg,0.08844339622641509,two_lines
images/video05_img_00314.jpg,0.08018867924528301,two_lines
images/video05_img_00315.jpg,0.05778301886792453,two_lines
images/video05_img_00316.jpg,0.0660377358490566,two_lines
images/video05_img_00317.jpg,0.08844339622641509,two_lines
images/video05_img_00318.jpg,0.07547169811320754,two_lines
images/video05_img_00319.jpg,0.04834905660377359,two_lines
images/video05_img_00320.jpg,-0.06485849056603774,two_lines
images/video05_img_00321.jpg,-0.03225235849056606,two_lines
images/video05_img_00322.jpg,-0.0047169811320754715,two_lines
images/video05_img_00323.jpg,0.020047169811320754,two_lines
images/video05_img_00324.jpg,0.01179245283018868,two_lines
images/video05_img_00325.jpg,0.030660377358490566,two_lines
images/video05_img_00326.jpg,0.01650943396226415,two_lines
images/video06_img_00000.jpg,-0.08726415094339622,left_line_only
images/video06_img_00001.jpg,-0.02830188679245283,left_line_only
images/video06_img_00002.jpg,-0.09433962264150944,left_line_only
images/video06_img_00003.jpg,-0.15330188679245282,left_line_only
images/video06_img_00008.jpg,-0.2169811320754717,left_line_only
images/video06_img_00009.jpg,0.06839622641509434,left_line_only
images/video06_img_00010.jpg,0.2429245283018868,left_line_only
images/video06_img_00011.jpg,0.20754716981132076,left_line_only
images/video06_img_00012.jpg,0.18160377358490565,left_line_only
images/video06_img_00013.jpg,0.11320754716981132,left_line_only
images/video06_img_00015.jpg,-0.2028301886792453,left_line_only
images/video06_img_00022.jpg,-0.19811320754716982,left_line_only
images/video06_img_00023.jpg,-0.20047169811320756,left_line_only
images/video06_img_00024.jpg,-0.18396226415094338,left_line_only
images/video06_img_00026.jpg,-0.16273584905660377,left_line_only
images/video06_img_00028.jpg,-0.10141509433962265,left_line_only
images/video06_img_00029.jpg,-0.11556603773584906,left_line_only
images/video06_img_00030.jpg,0.031839622641509434,two_lines
images/video06_img_00031.jpg,0.025943396226415096,two_lines
images/video06_img_00032.jpg,0.024764150943396228,two_lines
images/video06_img_00033.jpg,0.012971698113207548,two_lines
images/video06_img_00034.jpg,0.006367924528301726,two_lines
images/video06_img_00035.jpg,0.014150943396226415,two_lines
images/video06_img_00036.jpg,0.045990566037735846,two_lines
images/video06_img_00037.jpg,0.030660377358490566,two_lines
images/video06_img_00038.jpg,0.07429245283018868,two_lines
images/video06_img_00039.jpg,0.009433962264150943,left_line_only
images/video06_img_00040.jpg,-0.03537735849056604,left_line_only
images/video06_img_00041.jpg,0.04728773584905663,two_lines
images/video06_img_00042.jpg,0.054245283018867926,two_lines
images/video06_img_00043.jpg,0.06721698113207547,two_lines
images/video06_img_00044.jpg,-0.06839622641509434,left_line_only
images/video06_img_00045.jpg,-0.05660377358490566,left_line_only
images/video06_img_00046.jpg,-0.0589622641509434,left_line_only
images/video06_img_00047.jpg,-0.0589622641509434,left_line_only
images/video06_img_00048.jpg,-0.0660377358490566,left_line_only
images/video06_img_00049.jpg,-0.07783018867924528,left_line_only
images/video06_img_00050.jpg,-0.08962264150943396,left_line_only
images/video06_img_00051.jpg,-0.08962264150943396,left_line_only
images/video06_img_00052.jpg,-0.054245283018867926,left_line_only
images/video06_img_00053.jpg,-0.08490566037735849,left_line_only
images/video06_img_00054.jpg,-0.09669811320754718,left_line_only
images/video06_img_00055.jpg,0.05660377358490566,two_lines
images/video06_img_00056.jpg,0.05188679245283019,two_lines
images/video06_img_00057.jpg,0.04245283018867924,two_lines
images/video06_img_00058.jpg,0.04716981132075472,two_lines
images/video06_img_00059.jpg,0.05577830188679213,two_lines
images/video06_img_00060.jpg,0.06839622641509434,two_lines
images/video06_img_00061.jpg,-0.10377358490566038,left_line_only
images/video06_img_00062.jpg,-0.13679245283018868,left_line_only
images/video06_img_00063.jpg,-0.1650943396226415,left_line_only
images/video06_img_00064.jpg,0.041273584905660375,two_lines
images/video06_img_00065.jpg,0.07075471698113207,two_lines
images/video06_img_00066.jpg,0.07900943396226415,two_lines
images/video06_img_00067.jpg,0.0660377358490566,two_lines
images/video06_img_00068.jpg,0.08254716981132075,two_lines
images/video06_img_00069.jpg,0.09080188679245282,two_lines
images/video06_img_00070.jpg,0.07783018867924528,two_lines
images/video06_img_00071.jpg,0.0852594339622641,two_lines
images/video06_img_00072.jpg,0.10023584905660378,two_lines
images/video06_img_00073.jpg,0.10141509433962265,two_lines
images/video06_img_00074.jpg,0.09551886792452831,two_lines
images/video06_img_00075.jpg,0.11556603773584906,two_lines
images/video06_img_00076.jpg,-0.007075471698113208,left_line_only
images/video06_img_00077.jpg,-0.03537735849056604,left_line_only
images/video06_img_00078.jpg,-0.04716981132075472,left_line_only
images/video06_img_00079.jpg,-0.16391509433962265,two_lines
images/video06_img_00080.jpg,-0.04009433962264151,two_lines
images/video06_img_00081.jpg,-0.06515330188679246,two_lines
images/video06_img_00082.jpg,-0.08844339622641509,two_lines
images/video06_img_00083.jpg,-0.09551886792452831,two_lines
images/video06_img_00084.jpg,-0.05347877358490569,two_lines
images/video06_img_00085.jpg,0.0011792452830188679,two_lines
images/video06_img_00086.jpg,0.04363207547169811,two_lines
images/video06_img_00087.jpg,0.08254716981132075,two_lines
images/video06_img_00088.jpg,0.07665094339622641,two_lines
images/video06_img_00089.jpg,0.08136792452830188,two_lines
images/video06_img_00090.jpg,0.055424528301886794,two_lines
images/video06_img_00091.jpg,0.041273584905660375,two_lines
images/video06_img_00092.jpg,0.08372641509433962,two_lines
images/video06_img_00093.jpg,0.13991745283018867,two_lines
images/video06_img_00094.jpg,0.1179245283018868,two_lines
images/video06_img_00095.jpg,0.0047169811320754715,left_line_only
images/video06_img_00096.jpg,-0.05660377358490566,left_line_only
images/video06_img_00097.jpg,-0.009433962264150943,left_line_only
images/video06_img_00098.jpg,0.0023584905660377358,left_line_only
images/video06_img_00099.jpg,0.030660377358490566,left_line_only
images/video06_img_00100.jpg,0.01179245283018868,left_line_only
images/video06_img_00101.jpg,0.010731132075469982,left_line_only
images/video06_img_00102.jpg,0.09198113207547169,two_lines
images/video06_img_00103.jpg,0.10495283018867925,two_lines
images/video06_img_00104.jpg,0.08490566037735849,two_lines
images/video06_img_00105.jpg,0.04245283018867924,left_line_only
images/video06_img_00106.jpg,0.05188679245283019,left_line_only
images/video06_img_00107.jpg,0.11320754716981132,two_lines
images/video06_img_00108.jpg,0.11084905660377359,two_lines
images/video06_img_00109.jpg,0.07193396226415094,two_lines
images/video06_img_00110.jpg,0.10613207547169812,two_lines
images/video06_img_00111.jpg,0.04481132075471698,two_lines
images/video06_img_00112.jpg,0.09669811320754718,two_lines
images/video06_img_00113.jpg,0.05660377358490566,two_lines
images/video06_img_00114.jpg,0.01179245283018868,two_lines
images/video06_img_00115.jpg,-0.16037735849056603,two_lines
images/video06_img_00116.jpg,-0.12264150943396226,right_line_only
images/video06_img_00117.jpg,-0.16981132075471697,right_line_only
images/video06_img_00118.jpg,-0.18867924528301888,right_line_only
images/video06_img_00119.jpg,-0.22641509433962265,right_line_only
images/video06_img_00120.jpg,-0.23254716981132054,right_line_only
images/video06_img_00121.jpg,0.2205188679245283,two_lines
images/video06_img_00122.jpg,-0.3915094339622642,right_line_only
images/video06_img_00123.jpg,-0.18396226415094338,right_line_only
images/video06_img_00124.jpg,-0.1721698113207547,right_line_only
images/video06_img_00125.jpg,-0.25471698113207547,right_line_only
images/video06_img_00126.jpg,-0.23113207547169812,right_line_only
images/video06_img_00127.jpg,0.1320754716981132,right_line_only
images/video06_img_00128.jpg,-0.09905660377358491,right_line_only
images/video06_img_00129.jpg,-0.08962264150943396,two_lines
images/video06_img_00130.jpg,-0.12735849056603774,two_lines
images/video06_img_00131.jpg,-0.1509433962264151,two_lines
images/video06_img_00132.jpg,-0.1580188679245283,two_lines
images/video06_img_00133.jpg,-0.2016509433962264,two_lines
images/video06_img_00134.jpg,-0.20872641509433962,two_lines
images/video06_img_00135.jpg,-0.05660377358490566,two_lines
images/video06_img_00136.jpg,-0.09433962264150944,right_line_only
images/video06_img_00137.jpg,0.0625,two_lines
images/video06_img_00138.jpg,0.015330188679245283,two_lines
images/video06_img_00139.jpg,-0.1721698113207547,two_lines
images/video06_img_00140.jpg,-0.02240566037735849,two_lines
images/video06_img_00141.jpg,-0.020047169811320754,two_lines
images/video06_img_00142.jpg,-0.03773584905660377,two_lines
images/video06_img_00143.jpg,-0.007075471698113208,two_lines
images/video06_img_00144.jpg,-0.10849056603773585,two_lines
images/video06_img_00145.jpg,-0.0294811320754717,two_lines
images/video06_img_00146.jpg,-0.01061320754716981,two_lines
images/video06_img_00147.jpg,-0.12971698113207547,two_lines
images/video06_img_00148.jpg,-0.17570754716981132,two_lines
images/video06_img_00149.jpg,-0.08402122641509434,two_lines
images/video06_img_00150.jpg,0.049528301886792456,two_lines
images/video06_img_00151.jpg,0.03773584905660377,two_lines
images/video06_img_00152.jpg,0.03537735849056604,two_lines
images/video06_img_00153.jpg,0.03537735849056604,two_lines
images/video06_img_00154.jpg,0.018867924528301886,two_lines
images/video06_img_00155.jpg,-0.003537735849056604,two_lines
images/video06_img_00156.jpg,0.008254716981132075,two_lines
images/video06_img_00157.jpg,0.024764150943396228,two_lines
images/video06_img_00158.jpg,0.00742924528301801,two_lines
images/video06_img_00159.jpg,0.007075471698113208,two_lines
images/video06_img_00160.jpg,0.01768867924528302,two_lines
images/video06_img_00161.jpg,0.009433962264150943,two_lines
images/video06_img_00162.jpg,0.003537735849056604,two_lines
images/video06_img_00163.jpg,0.00589622641509434,two_lines
images/video06_img_00164.jpg,0.01179245283018868,two_lines
images/video06_img_00165.jpg,0.025943396226415096,two_lines
images/video06_img_00166.jpg,0.0330188679245283,two_lines
images/video06_img_00167.jpg,0.0330188679245283,two_lines
images/video06_img_00168.jpg,0.041273584905660375,two_lines
images/video06_img_00169.jpg,0.04009433962264151,two_lines
images/video06_img_00170.jpg,0.01768867924528302,two_lines
images/video06_img_00171.jpg,-0.01061320754716981,two_lines
images/video06_img_00172.jpg,-0.03537735849056604,two_lines
images/video06_img_00173.jpg,-0.04834905660377359,two_lines
images/video06_img_00174.jpg,-0.06721698113207547,two_lines
images/video06_img_00175.jpg,-0.22287735849056603,two_lines
images/video06_img_00176.jpg,-0.1957547169811321,two_lines
images/video06_img_00177.jpg,-0.041273584905660375,two_lines
images/video06_img_00178.jpg,-0.020047169811320754,two_lines
images/video06_img_00179.jpg,-0.0023584905660377358,two_lines
images/video06_img_00180.jpg,-0.0047169811320754715,two_lines
images/video06_img_00181.jpg,0.01650943396226415,two_lines
images/video06_img_00182.jpg,0.025943396226415096,two_lines
images/video06_img_00183.jpg,0.014150943396226415,two_lines
images/video06_img_00184.jpg,0.00589622641509434,two_lines
images/video06_img_00185.jpg,0.020047169811320754,two_lines
images/video06_img_00186.jpg,-0.02240566037735849,two_lines
images/video06_img_00187.jpg,-0.02358490566037736,two_lines
images/video06_img_00188.jpg,-0.01061320754716981,two_lines
images/video06_img_00189.jpg,0.0,two_lines
images/video06_img_00190.jpg,0.00589622641509434,two_lines
images/video06_img_00191.jpg,-0.00742924528301801,two_lines
images/video06_img_00192.jpg,-0.06367924528301887,two_lines
images/video06_img_00193.jpg,-0.09198113207547169,two_lines
images/video06_img_00194.jpg,-0.015330188679245283,two_lines
images/video06_img_00195.jpg,0.0047169811320754715,two_lines
images/video06_img_00196.jpg,0.020047169811320754,two_lines
images/video06_img_00197.jpg,0.02240566037735849,two_lines
images/video06_img_00198.jpg,0.031839622641509434,two_lines
images/video06_img_00199.jpg,0.030660377358490566,two_lines
images/video06_img_00200.jpg,0.0294811320754717,two_lines
images/video06_img_00201.jpg,0.02358490566037736,two_lines
images/video06_img_00202.jpg,0.012971698113207548,two_lines
images/video06_img_00203.jpg,0.012971698113207548,two_lines
images/video06_img_00204.jpg,0.0294811320754717,two_lines
images/video06_img_00205.jpg,0.01768867924528302,two_lines
images/video06_img_00206.jpg,0.01768867924528302,two_lines
images/video06_img_00207.jpg,0.02358490566037736,two_lines
images/video06_img_00208.jpg,0.02240566037735849,two_lines
images/video06_img_00209.jpg,0.004834905660375643,two_lines
images/video06_img_00210.jpg,-0.009433962264150943,two_lines
images/video06_img_00211.jpg,0.009433962264150943,two_lines
images/video06_img_00212.jpg,0.024764150943396228,two_lines
images/video06_img_00213.jpg,0.030660377358490566,two_lines
images/video06_img_00214.jpg,0.04834905660377359,two_lines
images/video06_img_00215.jpg,0.055424528301886794,two_lines
images/video06_img_00216.jpg,0.04009433962264151,two_lines
images/video06_img_00217.jpg,0.03773584905660377,two_lines
images/video06_img_00218.jpg,0.04245283018867924,two_lines
images/video06_img_00219.jpg,0.036556603773584904,two_lines
images/video06_img_00220.jpg,0.04245283018867924,two_lines
images/video06_img_00221.jpg,0.036556603773584904,two_lines
images/video06_img_00222.jpg,0.036556603773584904,two_lines
images/video06_img_00223.jpg,0.0330188679245283,two_lines
images/video06_img_00224.jpg,0.03773584905660377,two_lines
images/video06_img_00225.jpg,0.02830188679245283,two_lines
images/video06_img_00226.jpg,0.02830188679245283,two_lines
images/video06_img_00227.jpg,0.027122641509433963,two_lines
images/video06_img_00228.jpg,0.04245283018867924,two_lines
images/video06_img_00229.jpg,0.13443396226415094,two_lines
images/video06_img_00230.jpg,0.19929245283018868,two_lines
images/video06_img_00231.jpg,0.33726415094339623,left_line_only
images/video06_img_00232.jpg,0.45754716981132076,left_line_only
images/video06_img_00233.jpg,0.5259433962264151,left_line_only
images/video06_img_00234.jpg,0.5660377358490566,left_line_only
images/video06_img_00235.jpg,0.6132075471698113,left_line_only
images/video06_img_00236.jpg,0.6226415094339622,left_line_only
images/video06_img_00237.jpg,0.6226415094339622,left_line_only
images/video06_img_00238.jpg,0.6438679245283019,left_line_only
images/video06_img_00239.jpg,0.6698113207547169,left_line_only
images/video06_img_00240.jpg,0.660377358490566,left_line_only
images/video06_img_00241.jpg,0.625,left_line_only
images/video06_img_00242.jpg,0.6320754716981132,left_line_only
images/video06_img_00243.jpg,0.6721698113207547,left_line_only
images/video06_img_00244.jpg,0.6745283018867925,left_line_only
images/video06_img_00245.jpg,-0.015330188679245283,two_lines
images/video06_img_00246.jpg,-0.007075471698113208,two_lines
images/video06_img_00247.jpg,-0.008254716981132075,two_lines
images/video06_img_00248.jpg,-0.01061320754716981,two_lines
images/video06_img_00249.jpg,-0.020047169811320754,two_lines
images/video06_img_00250.jpg,-0.0294811320754717,two_lines
images/video06_img_00251.jpg,-0.03537735849056604,two_lines
images/video06_img_00252.jpg,0.5966981132075472,left_line_only
images/video06_img_00253.jpg,0.5732311320754614,left_line_only
images/video06_img_00254.jpg,0.5660377358490566,left_line_only
images/video06_img_00255.jpg,0.5400943396226415,left_line_only
images/video06_img_00256.jpg,0.5754716981132075,left_line_only
images/video06_img_00257.jpg,0.6226415094339622,left_line_only
images/video06_img_00258.jpg,0.5281839622641441,left_line_only
images/video06_img_00259.jpg,0.5330188679245284,left_line_only
images/video06_img_00260.jpg,0.5306603773584906,left_line_only
images/video06_img_00261.jpg,0.5188679245283019,left_line_only
images/video06_img_00262.jpg,0.5377358490566038,left_line_only
images/video06_img_00263.jpg,0.5518867924528302,left_line_only
images/video06_img_00264.jpg,0.5731132075471698,left_line_only
images/video06_img_00265.jpg,0.5754716981132075,left_line_only
images/video06_img_00266.jpg,0.5754716981132075,left_line_only
images/video06_img_00267.jpg,0.5660377358490566,left_line_only
images/video06_img_00268.jpg,0.5330188679245284,left_line_only
images/video06_img_00269.jpg,0.47641509433962265,left_line_only
images/video06_img_00270.jpg,0.4221698113207547,left_line_only
images/video06_img_00271.jpg,0.37971698113207547,left_line_only
images/video06_img_00272.jpg,0.2806603773584906,left_line_only
images/video06_img_00273.jpg,0.21933962264150944,left_line_only
images/video06_img_00274.jpg,0.16745283018867924,left_line_only
images/video06_img_00275.jpg,0.09433962264150944,left_line_only
images/video06_img_00276.jpg,0.04481132075471698,left_line_only
images/video06_img_00277.jpg,0.0047169811320754715,left_line_only
images/video06_img_00278.jpg,-0.025943396226415096,left_line_only
images/video06_img_00279.jpg,-0.06367924528301887,left_line_only
images/video06_img_00280.jpg,-0.11084905660377359,left_line_only
images/video06_img_00281.jpg,0.03537735849056604,two_lines
images/video06_img_00282.jpg,0.06839622641509434,two_lines
images/video06_img_00283.jpg,0.060141509433962265,two_lines
images/video06_img_00284.jpg,0.04716981132075472,two_lines
images/video06_img_00285.jpg,0.04481132075471698,two_lines
images/video06_img_00286.jpg,0.04245283018867924,two_lines
images/video06_img_00287.jpg,0.045990566037735846,two_lines
images/video06_img_00288.jpg,0.06132075471698113,two_lines
images/video06_img_00289.jpg,0.04245283018867924,two_lines
images/video06_img_00290.jpg,0.025943396226415096,two_lines
images/video06_img_00291.jpg,0.02240566037735849,two_lines
images/video06_img_00292.jpg,0.027122641509433963,two_lines
images/video06_img_00293.jpg,0.03891509433962264,two_lines
images/video06_img_00294.jpg,0.03773584905660377,two_lines
images/video06_img_00295.jpg,0.045990566037735846,two_lines
images/video06_img_00296.jpg,0.049528301886792456,two_lines
images/video06_img_00297.jpg,0.04481132075471698,two_lines
images/video06_img_00298.jpg,0.05188679245283019,two_lines
images/video06_img_00299.jpg,0.0589622641509434,two_lines
images/video06_img_00300.jpg,0.049528301886792456,two_lines
images/video06_img_00301.jpg,0.041273584905660375,two_lines
images/video06_img_00302.jpg,0.04363207547169811,two_lines
images/video06_img_00303.jpg,0.049528301886792456,two_lines
images/video06_img_00304.jpg,0.04834905660377359,two_lines
images/video06_img_00305.jpg,0.02830188679245283,two_lines
images/video06_img_00306.jpg,0.03773584905660377,two_lines
images/video06_img_00307.jpg,0.04363207547169811,two_lines
images/video06_img_00308.jpg,0.05241745283018954,two_lines
images/video06_img_00309.jpg,0.06132075471698113,two_lines
images/video06_img_00310.jpg,0.09687499999999998,two_lines
images/video06_img_00311.jpg,0.08608490566037735,two_lines
images/video06_img_00312.jpg,0.11674528301886793,two_lines
images/video06_img_00313.jpg,0.16096698113207547,two_lines
images/video06_img_00314.jpg,0.13679245283018868,two_lines
images/video06_img_00315.jpg,0.14858490566037735,two_lines
images/video06_img_00316.jpg,0.1320754716981132,two_lines
images/video06_img_00317.jpg,0.1179245283018868,two_lines
images/video06_img_00318.jpg,0.11084905660377359,two_lines
images/video06_img_00319.jpg,0.09905660377358491,two_lines
images/video06_img_00320.jpg,0.10613207547169812,two_lines
images/video06_img_00321.jpg,0.10731132075471699,two_lines
images/video06_img_00322.jpg,0.11910377358490566,two_lines
images/video06_img_00323.jpg,0.11727594339622646,two_lines
images/video06_img_00324.jpg,0.12853773584905662,two_lines
images/video06_img_00325.jpg,0.125,two_lines
images/video06_img_00326.jpg,0.12264150943396226,two_lines
images/video06_img_00327.jpg,0.10613207547169812,two_lines
images/video06_img_00328.jpg,0.10966981132075472,two_lines
images/video06_img_00329.jpg,0.07665094339622641,two_lines
images/video06_img_00330.jpg,0.08018867924528301,two_lines
images/video06_img_00331.jpg,0.09316037735849056,two_lines
images/video06_img_00332.jpg,0.09433962264150944,two_lines
images/video06_img_00333.jpg,0.09198113207547169,two_lines
images/video06_img_00334.jpg,0.09198113207547169,two_lines
images/video06_img_00335.jpg,0.09316037735849056,two_lines
images/video06_img_00336.jpg,0.09198113207547169,two_lines
images/video06_img_00337.jpg,0.11910377358490566,two_lines
images/video06_img_00338.jpg,0.1337853773584906,two_lines
images/video06_img_00339.jpg,0.10259433962264151,two_lines
images/video06_img_00340.jpg,0.07075471698113207,two_lines
images/video06_img_00341.jpg,0.10141509433962265,two_lines
images/video06_img_00342.jpg,0.10613207547169812,two_lines
images/video06_img_00343.jpg,0.11556603773584906,two_lines
images/video06_img_00344.jpg,0.1773584905660377,two_lines
images/video06_img_00345.jpg,0.16037735849056603,left_line_only
images/video06_img_00346.jpg,0.17452830188679244,left_line_only
images/video06_img_00347.jpg,0.2099056603773585,left_line_only
images/video06_img_00348.jpg,0.24528301886792453,left_line_only
images/video06_img_00349.jpg,0.3231132075471698,left_line_only
images/video06_img_00350.jpg,0.3584905660377358,left_line_only
images/video06_img_00351.jpg,0.41745283018867924,left_line_only
images/video06_img_00352.jpg,0.42924528301886794,left_line_only
images/video06_img_00353.jpg,0.42452830188679247,left_line_only
images/video06_img_00354.jpg,0.46462264150943394,left_line_only
images/video06_img_00355.jpg,0.4858490566037736,left_line_only
images/video06_img_00356.jpg,0.5047169811320755,left_line_only
images/video06_img_00357.jpg,0.5330188679245284,left_line_only
images/video06_img_00358.jpg,0.5400943396226415,left_line_only
images/video06_img_00359.jpg,0.5542452830188679,left_line_only
images/video06_img_00360.jpg,0.5613207547169812,left_line_only
images/video06_img_00361.jpg,0.5636792452830188,left_line_only
images/video06_img_00362.jpg,0.5613207547169812,left_line_only
images/video06_img_00363.jpg,0.5518867924528302,left_line_only
images/video06_img_00364.jpg,0.5660377358490566,left_line_only
images/video06_img_00365.jpg,0.589622641509434,left_line_only
images/video06_img_00366.jpg,0.5943396226415094,left_line_only
images/video06_img_00367.jpg,0.5990566037735849,left_line_only
images/video06_img_00368.jpg,0.6061320754716981,left_line_only
images/video06_img_00369.jpg,0.6014150943396226,left_line_only
images/video06_img_00370.jpg,0.6202830188679245,left_line_only
images/video06_img_00371.jpg,0.6108490566037735,left_line_only
images/video06_img_00372.jpg,0.5943396226415094,left_line_only
images/video06_img_00373.jpg,0.5778301886792453,left_line_only
images/video06_img_00374.jpg,0.5872641509433962,left_line_only
images/video06_img_00375.jpg,0.5990566037735849,left_line_only
images/video06_img_00376.jpg,0.6061320754716981,left_line_only
images/video06_img_00377.jpg,0.5943396226415094,left_line_only
images/video06_img_00378.jpg,0.5966981132075472,left_line_only
images/video06_img_00379.jpg,0.5849056603773585,left_line_only
images/video06_img_00380.jpg,0.5849056603773585,left_line_only
images/video06_img_00381.jpg,0.5400943396226415,left_line_only
images/video06_img_00382.jpg,0.5448113207547169,left_line_only
images/video06_img_00383.jpg,0.5707547169811321,left_line_only
images/video06_img_00384.jpg,0.5330188679245284,left_line_only
images/video06_img_00385.jpg,0.42452830188679247,left_line_only
images/video06_img_00386.jpg,0.36556603773584906,left_line_only
images/video06_img_00387.jpg,0.3089622641509434,left_line_only
images/video06_img_00388.jpg,0.2617924528301887,left_line_only
images/video06_img_00389.jpg,0.20047169811320756,left_line_only
images/video06_img_00390.jpg,0.1792452830188679,left_line_only
images/video06_img_00391.jpg,0.15330188679245282,left_line_only
images/video06_img_00392.jpg,0.12735849056603774,left_line_only
images/video06_img_00393.jpg,0.10849056603773585,left_line_only
images/video06_img_00394.jpg,0.10849056603773585,left_line_only
images/video06_img_00395.jpg,0.07311320754716981,left_line_only
images/video06_img_00396.jpg,0.05660377358490566,left_line_only
images/video06_img_00397.jpg,0.03773584905660377,left_line_only
images/video06_img_00398.jpg,-0.007075471698113208,left_line_only
images/video06_img_00399.jpg,-0.04481132075471698,left_line_only
images/video06_img_00400.jpg,-0.05660377358490566,left_line_only
images/video06_img_00401.jpg,-0.06132075471698113,left_line_only
images/video06_img_00402.jpg,0.054245283018867926,two_lines
images/video06_img_00403.jpg,0.045990566037735846,two_lines
images/video06_img_00404.jpg,0.06721698113207547,two_lines
images/video06_img_00405.jpg,0.07547169811320754,two_lines
images/video06_img_00406.jpg,0.05188679245283019,two_lines
images/video06_img_00407.jpg,0.0695754716981132,two_lines
images/video06_img_00408.jpg,0.054245283018867926,two_lines
images/video06_img_00409.jpg,0.05188679245283019,two_lines
images/video06_img_00410.jpg,0.020047169811320754,two_lines
images/video06_img_00411.jpg,0.015330188679245283,two_lines
images/video06_img_00412.jpg,0.06485849056603774,two_lines
images/video06_img_00413.jpg,0.0625,two_lines
images/video06_img_00414.jpg,0.036556603773584904,two_lines
images/video06_img_00415.jpg,0.03891509433962264,two_lines
images/video06_img_00416.jpg,0.06816037735849051,two_lines
images/video06_img_00417.jpg,0.1332547169811321,two_lines
images/video06_img_00418.jpg,0.11084905660377359,two_lines
images/video06_img_00419.jpg,0.08490566037735849,two_lines
images/video06_img_00420.jpg,0.08018867924528301,two_lines
images/video06_img_00421.jpg,-0.00589622641509434,two_lines
images/video06_img_00422.jpg,-0.014150943396226415,two_lines
images/video06_img_00423.jpg,-0.008254716981132075,two_lines
images/video06_img_00424.jpg,-0.05070754716981132,two_lines
images/video06_img_00425.jpg,0.06132075471698113,right_line_only
images/video06_img_00426.jpg,-0.13101415094339625,two_lines
images/video06_img_00427.jpg,0.015330188679245283,two_lines
images/video06_img_00428.jpg,0.02122641509433962,two_lines
images/video06_img_00429.jpg,0.030660377358490566,two_lines
images/video06_img_00430.jpg,0.04245283018867924,two_lines
images/video06_img_00431.jpg,-0.12382075471698113,two_lines
images/video06_img_00432.jpg,0.01061320754716981,two_lines
images/video06_img_00433.jpg,0.020047169811320754,two_lines
images/video06_img_00434.jpg,0.05070754716981132,two_lines
images/video06_img_00435.jpg,0.055424528301886794,two_lines
images/video06_img_00436.jpg,0.06132075471698113,two_lines
images/video06_img_00437.jpg,0.05778301886792453,two_lines
images/video06_img_00438.jpg,0.05188679245283019,two_lines
images/video06_img_00439.jpg,0.050058962264151,two_lines
images/video07_img_00000.jpg,-0.20047169811320756,left_line_only
images/video07_img_00001.jpg,0.05778301886792453,two_lines
images/video07_img_00002.jpg,0.014150943396226415,two_lines
images/video07_img_00003.jpg,0.06839622641509434,left_line_only
images/video07_img_00004.jpg,0.22995283018867924,two_lines
images/video07_img_00005.jpg,0.18160377358490565,two_lines
images/video07_img_00006.jpg,0.14504716981132076,two_lines
images/video07_img_00007.jpg,0.1564268867924524,two_lines
images/video07_img_00008.jpg,0.14976415094339623,two_lines
images/video07_img_00009.jpg,0.1615566037735849,two_lines
images/video07_img_00010.jpg,0.17570754716981132,two_lines
images/video07_img_00011.jpg,0.1786556603773585,two_lines
images/video07_img_00012.jpg,0.16037735849056603,two_lines
images/video07_img_00013.jpg,0.15566037735849056,two_lines
images/video07_img_00014.jpg,0.1509433962264151,two_lines
images/video07_img_00015.jpg,0.1650943396226415,two_lines
images/video07_img_00016.jpg,0.18985849056603774,two_lines
images/video07_img_00017.jpg,0.1945754716981132,two_lines
images/video07_img_00018.jpg,0.18160377358490565,two_lines
images/video07_img_00019.jpg,0.15860849056603774,two_lines
images/video07_img_00020.jpg,0.10377358490566038,two_lines
images/video07_img_00021.jpg,0.13443396226415094,two_lines
images/video07_img_00022.jpg,0.17399764150943312,two_lines
images/video07_img_00023.jpg,0.20017688679245282,two_lines
images/video07_img_00024.jpg,0.2099056603773585,two_lines
images/video07_img_00025.jpg,0.21462264150943397,two_lines
images/video07_img_00026.jpg,0.21933962264150944,two_lines
images/video07_img_00027.jpg,0.2275943396226415,two_lines
images/video07_img_00028.jpg,0.2358490566037736,two_lines
images/video07_img_00029.jpg,0.24410377358490565,two_lines
images/video07_img_00030.jpg,0.24646226415094338,two_lines
images/video07_img_00031.jpg,0.25,two_lines
images/video07_img_00032.jpg,0.2417452830188679,two_lines
images/video07_img_00033.jpg,0.29245283018867924,left_line_only
images/video07_img_00034.jpg,0.25943396226415094,left_line_only
images/video07_img_00035.jpg,0.16981132075471697,left_line_only
images/video07_img_00036.jpg,0.04481132075471698,left_line_only
images/video07_img_00037.jpg,-0.025943396226415096,left_line_only
images/video07_img_00038.jpg,0.07547169811320754,two_lines
images/video07_img_00039.jpg,0.07193396226415094,two_lines
images/video07_img_00040.jpg,0.10495283018867925,two_lines
images/video07_img_00041.jpg,0.13443396226415094,two_lines
images/video07_img_00042.jpg,0.12735849056603774,left_line_only
images/video07_img_00043.jpg,0.12264150943396226,left_line_only
images/video07_img_00044.jpg,0.12971698113207547,left_line_only
images/video07_img_00045.jpg,0.1509433962264151,two_lines
images/video07_img_00046.jpg,0.11898584905660374,two_lines
images/video07_img_00047.jpg,0.11556603773584906,two_lines
images/video07_img_00048.jpg,0.10560141509433957,two_lines
images/video07_img_00049.jpg,0.1164504716981132,two_lines
images/video07_img_00050.jpg,0.11674528301886793,two_lines
images/video07_img_00051.jpg,0.10966981132075472,two_lines
images/video07_img_00052.jpg,0.1403301886792453,two_lines
images/video07_img_00053.jpg,0.15330188679245282,two_lines
images/video07_img_00054.jpg,0.13089622641509435,two_lines
images/video07_img_00055.jpg,0.14268867924528303,two_lines
images/video07_img_00056.jpg,0.16273584905660377,two_lines
images/video07_img_00057.jpg,0.16981132075471697,two_lines
images/video07_img_00058.jpg,0.20872641509433962,two_lines
images/video07_img_00059.jpg,0.16037735849056603,left_line_only
images/video07_img_00060.jpg,-0.02122641509433962,left_line_only
images/video07_img_00061.jpg,-0.09198113207547169,left_line_only
images/video07_img_00062.jpg,0.049528301886792456,two_lines
images/video07_img_00063.jpg,0.02122641509433962,two_lines
images/video07_img_00064.jpg,0.11910377358490566,two_lines
images/video07_img_00065.jpg,0.0330188679245283,left_line_only
images/video07_img_00066.jpg,-0.014150943396226415,left_line_only
images/video07_img_00067.jpg,-0.06839622641509434,left_line_only
images/video07_img_00068.jpg,-0.11556603773584906,left_line_only
images/video07_img_00069.jpg,0.024764150943396228,two_lines
images/video07_img_00070.jpg,-0.009433962264150943,two_lines
images/video07_img_00071.jpg,-0.031839622641509434,two_lines
images/video07_img_00072.jpg,0.02240566037735849,two_lines
images/video07_img_00073.jpg,0.0294811320754717,two_lines
images/video07_img_00074.jpg,0.04009433962264151,two_lines
images/video07_img_00075.jpg,0.0330188679245283,two_lines
images/video07_img_00076.jpg,0.01768867924528302,two_lines
images/video07_img_00077.jpg,0.03537735849056604,two_lines
images/video07_img_00078.jpg,0.014150943396226415,two_lines
images/video07_img_00079.jpg,0.03608490566037725,two_lines
images/video07_img_00080.jpg,0.003537735849056604,two_lines
images/video07_img_00081.jpg,0.007075471698113208,two_lines
images/video07_img_00082.jpg,0.01179245283018868,two_lines
images/video07_img_00083.jpg,-0.10849056603773585,two_lines
images/video07_img_00084.jpg,0.020047169811320754,two_lines
images/video07_img_00085.jpg,0.10141509433962265,two_lines
images/video07_img_00086.jpg,0.054245283018867926,two_lines
images/video07_img_00087.jpg,0.07783018867924528,two_lines
images/video07_img_00088.jpg,0.08490566037735849,two_lines
images/video07_img_00089.jpg,0.09905660377358491,two_lines
images/video07_img_00090.jpg,0.1320754716981132,two_lines
images/video07_img_00091.jpg,0.11084905660377359,two_lines
images/video07_img_00092.jpg,0.10731132075471699,two_lines
images/video07_img_00093.jpg,0.08136792452830188,two_lines
images/video07_img_00094.jpg,0.06721698113207547,two_lines
images/video07_img_00095.jpg,0.08608490566037735,two_lines
images/video07_img_00096.jpg,0.09787735849056604,two_lines
images/video07_img_00097.jpg,0.1580188679245283,two_lines
images/video07_img_00098.jpg,0.17688679245283018,two_lines
images/video07_img_00099.jpg,0.1509433962264151,two_lines
images/video07_img_00100.jpg,0.08962264150943396,two_lines
images/video07_img_00101.jpg,0.030660377358490566,two_lines
images/video07_img_00102.jpg,0.09669811320754718,two_lines
images/video07_img_00103.jpg,0.12735849056603774,two_lines
images/video07_img_00104.jpg,0.06367924528301887,two_lines
images/video07_img_00105.jpg,0.049528301886792456,two_lines
images/video07_img_00106.jpg,-0.06132075471698113,left_line_only
images/video07_img_00107.jpg,-0.20200471698113337,left_line_only
images/video07_img_00108.jpg,0.1650943396226415,two_lines
images/video07_img_00109.jpg,0.2429245283018868,left_line_only
images/video07_img_00110.jpg,0.16981132075471697,left_line_only
images/video07_img_00111.jpg,0.12264150943396226,left_line_only
images/video07_img_00112.jpg,0.09198113207547169,left_line_only
images/video07_img_00113.jpg,0.04245283018867924,left_line_only
images/video07_img_00114.jpg,0.055306603773578045,left_line_only
images/video07_img_00115.jpg,0.05660377358490566,left_line_only
images/video07_img_00116.jpg,0.07783018867924528,left_line_only
images/video07_img_00117.jpg,0.08962264150943396,left_line_only
images/video07_img_00118.jpg,0.06839622641509434,left_line_only
images/video07_img_00119.jpg,0.10141509433962265,left_line_only
images/video07_img_00120.jpg,0.13443396226415094,left_line_only
images/video07_img_00121.jpg,0.14976415094339623,two_lines
images/video07_img_00122.jpg,0.15566037735849056,two_lines
images/video07_img_00123.jpg,0.1509433962264151,left_line_only
images/video07_img_00124.jpg,0.12735849056603774,left_line_only
images/video07_img_00125.jpg,0.08962264150943396,left_line_only
images/video07_img_00126.jpg,0.08726415094339622,left_line_only
images/video07_img_00127.jpg,0.07311320754716981,left_line_only
images/video07_img_00128.jpg,0.05660377358490566,left_line_only
images/video07_img_00129.jpg,0.04481132075471698,left_line_only
images/video07_img_00130.jpg,0.03537735849056604,left_line_only
images/video07_img_00131.jpg,0.04009433962264151,left_line_only
images/video07_img_00132.jpg,0.11202830188679246,two_lines
images/video07_img_00133.jpg,0.06132075471698113,left_line_only
images/video07_img_00134.jpg,0.11556603773584906,two_lines
images/video07_img_00135.jpg,0.13443396226415094,two_lines
images/video07_img_00136.jpg,0.08726415094339622,left_line_only
images/video07_img_00137.jpg,0.12028301886792453,left_line_only
images/video07_img_00138.jpg,0.13679245283018868,left_line_only
images/video07_img_00139.jpg,0.14150943396226415,left_line_only
images/video07_img_00140.jpg,0.14622641509433962,left_line_only
images/video07_img_00141.jpg,0.07075471698113207,left_line_only
images/video07_img_00142.jpg,0.08962264150943396,left_line_only
images/video07_img_00143.jpg,0.12735849056603774,left_line_only
images/video07_img_00144.jpg,0.16273584905660377,left_line_only
images/video07_img_00145.jpg,0.14150943396226415,left_line_only
images/video07_img_00146.jpg,0.09433962264150944,left_line_only
images/video07_img_00147.jpg,0.14386792452830188,two_lines
images/video07_img_00148.jpg,0.11674528301886793,two_lines
images/video07_img_00149.jpg,0.11556603773584906,two_lines
images/video07_img_00150.jpg,0.12971698113207547,two_lines
images/video07_img_00151.jpg,0.10495283018867925,two_lines
images/video07_img_00152.jpg,-0.0330188679245283,left_line_only
images/video07_img_00153.jpg,0.02358490566037736,left_line_only
images/video07_img_00154.jpg,0.08726415094339622,left_line_only
images/video07_img_00155.jpg,0.12971698113207547,left_line_only
images/video07_img_00156.jpg,0.1509433962264151,left_line_only
images/video07_img_00157.jpg,0.14150943396226415,left_line_only
images/video07_img_00158.jpg,0.1320754716981132,left_line_only
images/video07_img_00159.jpg,0.10849056603773585,left_line_only
images/video07_img_00160.jpg,0.11084905660377359,left_line_only
images/video07_img_00161.jpg,0.10377358490566038,left_line_only
images/video07_img_00162.jpg,0.09669811320754718,left_line_only
images/video07_img_00163.jpg,0.06839622641509434,left_line_only
images/video07_img_00164.jpg,0.04481132075471698,left_line_only
images/video07_img_00165.jpg,0.10966981132075472,two_lines
images/video07_img_00166.jpg,0.04298349056603779,two_lines
images/video07_img_00167.jpg,0.025943396226415096,two_lines
images/video07_img_00168.jpg,-0.021639150943396253,two_lines
images/video07_img_00169.jpg,-0.0695754716981132,two_lines
images/video07_img_00170.jpg,-0.07665094339622641,two_lines
images/video07_img_00171.jpg,-0.10731132075471699,two_lines
images/video07_img_00172.jpg,-0.1214622641509434,two_lines
images/video07_img_00173.jpg,-0.14622641509433962,two_lines
images/video07_img_00174.jpg,-0.1474056603773585,two_lines
images/video07_img_00175.jpg,-0.1580188679245283,two_lines
images/video07_img_00176.jpg,-0.16863207547169812,two_lines
images/video07_img_00177.jpg,-0.14976415094339623,two_lines
images/video07_img_00178.jpg,-0.14150943396226415,two_lines
images/video07_img_00179.jpg,-0.13679245283018868,two_lines
images/video07_img_00180.jpg,-0.12853773584905662,two_lines
images/video07_img_00181.jpg,-0.09905660377358491,two_lines
images/video07_img_00182.jpg,-0.08018867924528301,two_lines
images/video07_img_00183.jpg,0.003537735849056604,two_lines
images/video07_img_00184.jpg,0.009433962264150943,two_lines
images/video07_img_00185.jpg,0.01768867924528302,two_lines
images/video07_img_00186.jpg,-0.06839622641509434,two_lines
images/video07_img_00187.jpg,-0.07429245283018868,two_lines
images/video07_img_00188.jpg,-0.0625,two_lines
images/video07_img_00189.jpg,-0.05070754716981132,two_lines
images/video07_img_00190.jpg,-0.030660377358490566,two_lines
images/video07_img_00191.jpg,-0.04245283018867924,two_lines
images/video07_img_00192.jpg,-0.020047169811320754,two_lines
images/video07_img_00193.jpg,-0.003537735849056604,two_lines
images/video07_img_00194.jpg,0.03891509433962264,two_lines
images/video07_img_00195.jpg,0.027122641509433963,two_lines
images/video07_img_00196.jpg,0.012971698113207548,two_lines
images/video07_img_00197.jpg,0.036556603773584904,two_lines
images/video07_img_00198.jpg,0.05306603773584906,two_lines
images/video07_img_00199.jpg,0.05070754716981132,two_lines
images/video07_img_00200.jpg,0.04481132075471698,two_lines
images/video07_img_00201.jpg,0.05070754716981132,two_lines
images/video07_img_00202.jpg,0.060141509433962265,two_lines
images/video07_img_00203.jpg,0.05188679245283019,two_lines
images/video07_img_00204.jpg,0.08372641509433962,two_lines
images/video07_img_00205.jpg,0.07900943396226415,two_lines
images/video07_img_00206.jpg,0.06721698113207547,two_lines
images/video07_img_00207.jpg,0.08490566037735849,two_lines
images/video07_img_00208.jpg,0.08372641509433962,two_lines
images/video07_img_00209.jpg,0.07783018867924528,two_lines
images/video07_img_00210.jpg,0.05660377358490566,two_lines
images/video07_img_00211.jpg,0.0695754716981132,two_lines
images/video07_img_00212.jpg,0.06367924528301887,two_lines
images/video07_img_00213.jpg,0.0695754716981132,two_lines
images/video07_img_00214.jpg,0.025943396226415096,left_line_only
images/video07_img_00215.jpg,0.05660377358490566,left_line_only
images/video07_img_00216.jpg,0.06367924528301887,left_line_only
images/video07_img_00217.jpg,0.08726415094339622,left_line_only
images/video07_img_00218.jpg,0.09198113207547169,left_line_only
images/video07_img_00219.jpg,0.09905660377358491,left_line_only
images/video07_img_00220.jpg,0.10141509433962265,left_line_only
images/video07_img_00221.jpg,0.11556603773584906,left_line_only
images/video07_img_00222.jpg,0.11320754716981132,left_line_only
images/video07_img_00223.jpg,0.12971698113207547,left_line_only
images/video07_img_00224.jpg,0.09905660377358491,left_line_only
images/video07_img_00225.jpg,0.08962264150943396,left_line_only
images/video07_img_00226.jpg,0.10377358490566038,left_line_only
images/video07_img_00227.jpg,0.10141509433962265,left_line_only
images/video07_img_00228.jpg,0.10849056603773585,left_line_only
images/video07_img_00229.jpg,0.10849056603773585,left_line_only
images/video07_img_00230.jpg,0.17452830188679244,two_lines
images/video07_img_00231.jpg,0.15908018867924525,two_lines
images/video07_img_00232.jpg,0.125,two_lines
images/video07_img_00233.jpg,0.13797169811320756,two_lines
images/video07_img_00234.jpg,0.04245283018867924,left_line_only
images/video07_img_00235.jpg,0.025943396226415096,left_line_only
images/video07_img_00236.jpg,0.025943396226415096,left_line_only
images/video07_img_00237.jpg,0.021580188679244425,left_line_only
images/video07_img_00238.jpg,0.10613207547169812,two_lines
images/video07_img_00239.jpg,0.08962264150943396,two_lines
images/video07_img_00240.jpg,0.08490566037735849,two_lines
images/video07_img_00241.jpg,0.10141509433962265,two_lines
images/video07_img_00242.jpg,0.10023584905660378,two_lines
images/video07_img_00243.jpg,0.11320754716981132,two_lines
images/video07_img_00244.jpg,0.1391509433962264,left_line_only
images/video07_img_00245.jpg,0.16745283018867924,left_line_only
images/video07_img_00246.jpg,0.21462264150943397,left_line_only
images/video07_img_00247.jpg,0.2641509433962264,left_line_only
images/video07_img_00248.jpg,0.330188679245283,left_line_only
images/video07_img_00249.jpg,0.4033018867924528,left_line_only
images/video07_img_00250.jpg,0.45047169811320753,left_line_only
images/video07_img_00251.jpg,0.4716981132075472,left_line_only
images/video07_img_00252.jpg,0.5094339622641509,left_line_only
images/video07_img_00253.jpg,0.535377358490566,left_line_only
images/video07_img_00254.jpg,0.3584905660377358,two_lines
images/video07_img_00255.jpg,0.6580188679245284,left_line_only
images/video07_img_00256.jpg,-0.018867924528301886,two_lines
images/video07_img_00257.jpg,-0.01179245283018868,two_lines
images/video07_img_00258.jpg,-0.01061320754716981,two_lines
images/video07_img_00259.jpg,-0.01061320754716981,two_lines
images/video07_img_00260.jpg,-0.00589622641509434,two_lines
images/video07_img_00261.jpg,-0.00589622641509434,two_lines
images/video07_img_00262.jpg,-0.003537735849056604,two_lines
images/video07_img_00263.jpg,-0.003537735849056604,two_lines
images/video07_img_00264.jpg,-0.003537735849056604,two_lines
images/video07_img_00265.jpg,-0.003537735849056604,two_lines
images/video07_img_00266.jpg,-0.003537735849056604,two_lines
images/video07_img_00267.jpg,-0.00589622641509434,two_lines
images/video07_img_00268.jpg,-0.007075471698113208,two_lines
images/video07_img_00269.jpg,-0.007075471698113208,two_lines
images/video07_img_00270.jpg,-0.007075471698113208,two_lines
images/video07_img_00271.jpg,-0.00589622641509434,two_lines
images/video07_img_00272.jpg,-0.007075471698113208,two_lines
images/video07_img_00273.jpg,0.4492924528301887,two_lines
images/video07_img_00274.jpg,-0.01061320754716981,two_lines
images/video07_img_00275.jpg,0.6674528301886793,left_line_only
images/video07_img_00276.jpg,0.4481132075471698,two_lines
images/video07_img_00277.jpg,0.4233490566037736,two_lines
images/video07_img_00278.jpg,-0.01179245283018868,two_lines
images/video07_img_00279.jpg,-0.008254716981132075,two_lines
images/video07_img_00280.jpg,-0.009433962264150943,two_lines
images/video07_img_00281.jpg,-0.009433962264150943,two_lines
images/video07_img_00282.jpg,-0.008254716981132075,two_lines
images/video07_img_00283.jpg,-0.008254716981132075,two_lines
images/video07_img_00284.jpg,-0.00589622641509434,two_lines
images/video07_img_00285.jpg,-0.00589622641509434,two_lines
images/video07_img_00286.jpg,-0.0047169811320754715,two_lines
images/video07_img_00287.jpg,-0.007075471698113208,two_lines
images/video07_img_00288.jpg,-0.00589622641509434,two_lines
images/video07_img_00289.jpg,-0.0047169811320754715,two_lines
images/video07_img_00290.jpg,-0.00589622641509434,two_lines
images/video07_img_00291.jpg,-0.01179245283018868,two_lines
images/video07_img_00292.jpg,-0.024764150943396228,two_lines
images/video07_img_00293.jpg,0.38443396226415094,two_lines
images/video07_img_00294.jpg,0.3738207547169811,two_lines
images/video07_img_00295.jpg,0.5188679245283019,left_line_only
images/video07_img_00296.jpg,0.39858490566037735,left_line_only
images/video07_img_00297.jpg,0.2099056603773585,left_line_only
images/video07_img_00298.jpg,0.18160377358490565,two_lines
images/video07_img_00299.jpg,0.1332547169811321,two_lines
images/video07_img_00300.jpg,0.140625,two_lines
images/video07_img_00301.jpg,0.15330188679245282,two_lines
images/video07_img_00302.jpg,0.16745283018867924,left_line_only
images/video07_img_00303.jpg,0.20047169811320756,two_lines
images/video07_img_00304.jpg,0.14504716981132076,two_lines
images/video07_img_00305.jpg,0.11320754716981132,two_lines
images/video07_img_00306.jpg,0.1650943396226415,two_lines
images/video07_img_00307.jpg,0.20047169811320756,two_lines
images/video07_img_00308.jpg,0.2806603773584906,two_lines
images/video07_img_00309.jpg,0.2865566037735849,two_lines
images/video07_img_00310.jpg,0.37971698113207547,left_line_only
images/video07_img_00311.jpg,0.33726415094339623,left_line_only
images/video07_img_00312.jpg,0.29952830188679247,left_line_only
images/video07_img_00313.jpg,0.22169811320754718,left_line_only
images/video07_img_00314.jpg,0.1650943396226415,left_line_only
images/video07_img_00315.jpg,0.17452830188679244,left_line_only
images/video07_img_00316.jpg,0.1179245283018868,left_line_only
images/video07_img_00317.jpg,0.08726415094339622,left_line_only
images/video07_img_00318.jpg,0.07547169811320754,left_line_only
images/video07_img_00319.jpg,0.06132075471698113,left_line_only
images/video07_img_00320.jpg,0.054245283018867926,left_line_only
images/video07_img_00321.jpg,0.04009433962264151,left_line_only
images/video07_img_00322.jpg,0.07783018867924528,left_line_only
images/video07_img_00323.jpg,0.060141509433962265,two_lines
images/video07_img_00324.jpg,0.05070754716981132,two_lines
images/video07_img_00325.jpg,0.04363207547169811,two_lines
images/video07_img_00326.jpg,0.049528301886792456,two_lines
images/video07_img_00327.jpg,-0.2240566037735849,left_line_only
images/video07_img_00329.jpg,-0.2169811320754717,left_line_only
images/video07_img_00330.jpg,-0.1957547169811321,left_line_only
images/video07_img_00331.jpg,0.0294811320754717,two_lines
images/video07_img_00332.jpg,0.045990566037735846,two_lines
images/video07_img_00333.jpg,0.05778301886792453,two_lines
images/video08_img_00000.jpg,-0.04481132075471698,left_line_only
images/video08_img_00001.jpg,-0.07075471698113207,left_line_only
images/video08_img_00002.jpg,-0.08962264150943396,left_line_only
images/video08_img_00003.jpg,-0.09198113207547169,left_line_only
images/video08_img_00004.jpg,-0.04716981132075472,left_line_only
images/video08_img_00005.jpg,-0.02358490566037736,left_line_only
images/video08_img_00006.jpg,-0.009433962264150943,left_line_only
images/video08_img_00007.jpg,0.01179245283018868,left_line_only
images/video08_img_00008.jpg,0.030660377358490566,left_line_only
images/video08_img_00009.jpg,0.0047169811320754715,left_line_only
images/video08_img_00010.jpg,0.0023584905660377358,left_line_only
images/video08_img_00011.jpg,0.007075471698113208,left_line_only
images/video08_img_00012.jpg,0.009433962264150943,left_line_only
images/video08_img_00013.jpg,0.09787735849056604,two_lines
images/video08_img_00014.jpg,0.12264150943396226,two_lines
images/video08_img_00015.jpg,0.1391509433962264,two_lines
images/video08_img_00016.jpg,0.16273584905660377,two_lines
images/video08_img_00017.jpg,0.17452830188679244,two_lines
images/video08_img_00018.jpg,0.16037735849056603,two_lines
images/video08_img_00019.jpg,0.14504716981132076,two_lines
images/video08_img_00020.jpg,0.14976415094339623,two_lines
images/video08_img_00021.jpg,0.15212264150943397,two_lines
images/video08_img_00022.jpg,0.14622641509433962,two_lines
images/video08_img_00023.jpg,0.1474056603773585,two_lines
images/video08_img_00024.jpg,0.15212264150943397,two_lines
images/video08_img_00025.jpg,0.1474056603773585,two_lines
images/video08_img_00026.jpg,0.16208726415094346,two_lines
images/video08_img_00027.jpg,0.1580188679245283,two_lines
images/video08_img_00028.jpg,0.16863207547169812,two_lines
images/video08_img_00029.jpg,0.18514150943396226,two_lines
images/video08_img_00030.jpg,0.18985849056603774,two_lines
images/video08_img_00031.jpg,0.19693396226415094,two_lines
images/video08_img_00032.jpg,0.2134433962264151,two_lines
images/video08_img_00033.jpg,0.14504716981132076,two_lines
images/video08_img_00034.jpg,0.2346698113207547,two_lines
images/video08_img_00035.jpg,0.24764150943396226,two_lines
images/video08_img_00036.jpg,0.21226415094339623,two_lines
images/video08_img_00037.jpg,0.20872641509433962,two_lines
images/video08_img_00038.jpg,0.21108490566037735,two_lines
images/video08_img_00039.jpg,0.2270047169811321,two_lines
images/video08_img_00040.jpg,0.25,two_lines
images/video08_img_00041.jpg,0.2806603773584906,two_lines
images/video08_img_00042.jpg,0.2915683962264151,two_lines
images/video08_img_00043.jpg,0.2830188679245283,two_lines
images/video08_img_00044.jpg,0.27122641509433965,two_lines
images/video08_img_00045.jpg,0.2617924528301887,two_lines
images/video08_img_00046.jpg,0.28537735849056606,two_lines
images/video08_img_00047.jpg,0.2959905660377358,two_lines
images/video08_img_00048.jpg,0.29245283018867924,two_lines
images/video08_img_00049.jpg,0.25589622641509435,two_lines
images/video08_img_00050.jpg,0.25235849056603776,two_lines
images/video08_img_00051.jpg,0.28148584905660384,two_lines
images/video08_img_00052.jpg,0.30306603773584906,two_lines
images/video08_img_00053.jpg,0.30660377358490565,two_lines
images/video08_img_00054.jpg,0.30424528301886794,two_lines
images/video08_img_00055.jpg,0.3089622641509434,two_lines
images/video08_img_00056.jpg,0.3466981132075472,two_lines
images/video08_img_00057.jpg,0.3596698113207547,two_lines
images/video08_img_00058.jpg,0.37028301886792453,two_lines
images/video08_img_00059.jpg,0.3608490566037736,two_lines
images/video08_img_00060.jpg,0.3313679245283019,two_lines
images/video08_img_00061.jpg,0.30542452830188677,two_lines
images/video08_img_00062.jpg,0.3007075471698113,two_lines
images/video08_img_00063.jpg,0.3632075471698113,two_lines
images/video08_img_00064.jpg,0.5966981132075472,left_line_only
images/video08_img_00065.jpg,0.39858490566037735,two_lines
images/video08_img_00066.jpg,0.3946344339622643,two_lines
images/video08_img_00067.jpg,0.535377358490566,left_line_only
images/video08_img_00068.jpg,0.5259433962264151,left_line_only
images/video08_img_00069.jpg,0.5919811320754716,left_line_only
images/video08_img_00070.jpg,0.5377358490566038,left_line_only
images/video08_img_00071.jpg,0.5400943396226415,left_line_only
images/video08_img_00072.jpg,0.1733490566037736,two_lines
images/video08_img_00073.jpg,0.5023584905660378,left_line_only
images/video08_img_00074.jpg,0.5400943396226415,left_line_only
images/video08_img_00075.jpg,0.28714622641509435,two_lines
images/video08_img_00076.jpg,0.12264150943396226,two_lines
images/video08_img_00077.jpg,0.2794811320754717,two_lines
images/video08_img_00078.jpg,0.30170990566037725,two_lines
images/video08_img_00079.jpg,0.455188679245283,left_line_only
images/video08_img_00080.jpg,0.3362617924528303,two_lines
images/video08_img_00081.jpg,0.3278301886792453,two_lines
images/video08_img_00082.jpg,0.3136792452830189,two_lines
images/video08_img_00083.jpg,0.29952830188679247,two_lines
images/video08_img_00084.jpg,0.28773584905660377,two_lines
images/video08_img_00085.jpg,0.3089622641509434,two_lines
images/video08_img_00086.jpg,0.4056603773584906,left_line_only
images/video08_img_00087.jpg,0.2864386792452831,two_lines
images/video08_img_00088.jpg,0.2641509433962264,two_lines
images/video08_img_00089.jpg,0.24528301886792453,two_lines
images/video08_img_00090.jpg,0.24946933962264145,two_lines
images/video08_img_00091.jpg,0.33490566037735847,left_line_only
images/video08_img_00092.jpg,0.35377358490566035,left_line_only
images/video08_img_00093.jpg,0.2824292452830189,two_lines
images/video08_img_00094.jpg,0.2665094339622642,two_lines
images/video08_img_00095.jpg,0.2959905660377358,two_lines
images/video08_img_00096.jpg,0.29009433962264153,two_lines
images/video08_img_00097.jpg,0.2759433962264151,two_lines
images/video08_img_00098.jpg,0.29127358490566035,two_lines
images/video08_img_00099.jpg,0.27358490566037735,two_lines
images/video08_img_00100.jpg,0.2936320754716981,two_lines
images/video08_img_00101.jpg,0.29009433962264153,left_line_only
images/video08_img_00102.jpg,0.32617924528301717,left_line_only
images/video08_img_00103.jpg,0.2830188679245283,left_line_only
images/video08_img_00104.jpg,0.3278301886792453,left_line_only
images/video08_img_00105.jpg,0.3278301886792453,left_line_only
images/video08_img_00106.jpg,0.29952830188679247,left_line_only
images/video08_img_00107.jpg,0.21226415094339623,two_lines
images/video08_img_00108.jpg,0.24646226415094338,two_lines
images/video08_img_00109.jpg,0.29952830188679247,left_line_only
images/video08_img_00110.jpg,0.294811320754717,left_line_only
images/video08_img_00111.jpg,0.2641509433962264,left_line_only
images/video08_img_00112.jpg,0.2358490566037736,left_line_only
images/video08_img_00113.jpg,0.24764150943396226,left_line_only
images/video08_img_00114.jpg,0.2806603773584906,left_line_only
images/video08_img_00115.jpg,0.31839622641509435,left_line_only
images/video08_img_00116.jpg,0.29245283018867924,left_line_only
images/video08_img_00117.jpg,0.2429245283018868,left_line_only
images/video08_img_00118.jpg,0.23113207547169812,left_line_only
images/video08_img_00119.jpg,0.23113207547169812,left_line_only
images/video08_img_00120.jpg,0.23113207547169812,left_line_only
images/video08_img_00121.jpg,0.23349056603773585,left_line_only
images/video08_img_00122.jpg,0.23820754716981132,left_line_only
images/video08_img_00123.jpg,0.23349056603773585,left_line_only
images/video08_img_00124.jpg,0.19339622641509435,left_line_only
images/video08_img_00125.jpg,0.20754716981132076,left_line_only
images/video08_img_00126.jpg,0.27122641509433965,left_line_only
images/video08_img_00127.jpg,0.16981132075471697,two_lines
images/video08_img_00128.jpg,0.14080188679245026,left_line_only
images/video08_img_00129.jpg,0.17688679245283018,two_lines
images/video08_img_00130.jpg,0.18867924528301888,left_line_only
images/video08_img_00131.jpg,0.23113207547169812,left_line_only
images/video08_img_00132.jpg,0.19811320754716982,left_line_only
images/video08_img_00133.jpg,0.18632075471698112,left_line_only
images/video08_img_00134.jpg,0.22641509433962265,left_line_only
images/video08_img_00135.jpg,0.20518867924528303,left_line_only
images/video08_img_00136.jpg,0.1721698113207547,left_line_only
images/video08_img_00137.jpg,0.22877358490566038,left_line_only
images/video08_img_00138.jpg,0.25471698113207547,left_line_only
images/video08_img_00139.jpg,0.2759433962264151,left_line_only
images/video08_img_00140.jpg,0.2806603773584906,left_line_only
images/video08_img_00141.jpg,0.29952830188679247,left_line_only
images/video08_img_00142.jpg,0.2830188679245283,left_line_only
images/video08_img_00143.jpg,0.1615566037735849,two_lines
images/video08_img_00144.jpg,0.1474056603773585,two_lines
images/video08_img_00145.jpg,0.15330188679245282,two_lines
images/video08_img_00146.jpg,0.13260613207547176,two_lines
images/video08_img_00147.jpg,0.15919811320754718,two_lines
images/video08_img_00148.jpg,0.15330188679245282,two_lines
images/video08_img_00149.jpg,0.15000000000000005,two_lines
images/video08_img_00150.jpg,0.13443396226415094,two_lines
images/video08_img_00151.jpg,0.09669811320754718,two_lines
images/video08_img_00152.jpg,0.10377358490566038,two_lines
images/video08_img_00153.jpg,0.11438679245283019,two_lines
images/video08_img_00154.jpg,0.16627358490566038,two_lines
images/video08_img_00155.jpg,0.16633254716981127,two_lines
images/video08_img_00156.jpg,0.1615566037735849,two_lines
images/video08_img_00157.jpg,0.16037735849056603,two_lines
images/video08_img_00158.jpg,0.1650943396226415,two_lines
images/video08_img_00159.jpg,0.18531839622641508,two_lines
images/video08_img_00160.jpg,0.19811320754716982,two_lines
images/video08_img_00161.jpg,0.20047169811320756,two_lines
images/video08_img_00162.jpg,0.2240566037735849,left_line_only
images/video08_img_00163.jpg,0.25707547169811323,left_line_only
images/video08_img_00164.jpg,0.21108490566037735,left_line_only
images/video08_img_00165.jpg,0.20754716981132076,left_line_only
images/video08_img_00166.jpg,0.21226415094339623,left_line_only
images/video08_img_00167.jpg,0.20235849056603777,two_lines
images/video08_img_00168.jpg,0.20518867924528303,two_lines
images/video08_img_00169.jpg,0.20872641509433962,two_lines
images/video08_img_00170.jpg,0.2134433962264151,two_lines
images/video08_img_00171.jpg,0.21580188679245282,two_lines
images/video08_img_00172.jpg,0.20047169811320756,two_lines
images/video08_img_00173.jpg,0.22523584905660377,two_lines
images/video08_img_00174.jpg,0.22995283018867924,two_lines
images/video08_img_00175.jpg,0.27358490566037735,left_line_only
images/video08_img_00176.jpg,0.28537735849056606,left_line_only
images/video08_img_00177.jpg,0.29952830188679247,left_line_only
images/video08_img_00178.jpg,0.24056603773584906,two_lines
images/video08_img_00179.jpg,0.2417452830188679,two_lines
images/video08_img_00180.jpg,0.23113207547169812,two_lines
images/video08_img_00181.jpg,0.24882075471698112,two_lines
images/video08_img_00182.jpg,0.267688679245283,two_lines
images/video08_img_00183.jpg,0.2865566037735849,two_lines
images/video08_img_00184.jpg,0.25825471698113206,two_lines
images/video08_img_00185.jpg,0.3089622641509434,two_lines
images/video08_img_00186.jpg,0.32547169811320753,two_lines
images/video08_img_00187.jpg,0.3113207547169811,two_lines
images/video08_img_00188.jpg,0.30778301886792453,two_lines
images/video08_img_00189.jpg,0.28891509433962265,two_lines
images/video08_img_00190.jpg,0.36792452830188677,two_lines
images/video08_img_00191.jpg,0.5047169811320755,left_line_only
images/video08_img_00192.jpg,0.4811320754716981,left_line_only
images/video08_img_00193.jpg,0.45990566037735847,left_line_only
images/video08_img_00194.jpg,0.4481132075471698,left_line_only
images/video08_img_00195.jpg,0.41745283018867924,left_line_only
images/video08_img_00196.jpg,0.3891509433962264,left_line_only
images/video08_img_00197.jpg,0.36792452830188677,left_line_only
images/video08_img_00198.jpg,0.31839622641509435,left_line_only
images/video08_img_00199.jpg,0.24764150943396226,left_line_only
images/video08_img_00200.jpg,0.16037735849056603,left_line_only
images/video08_img_00201.jpg,0.06367924528301887,left_line_only
images/video08_img_00202.jpg,0.08962264150943396,left_line_only
images/video08_img_00203.jpg,0.07783018867924528,left_line_only
images/video08_img_00204.jpg,0.08490566037735849,left_line_only
images/video08_img_00205.jpg,0.08962264150943396,left_line_only
images/video08_img_00206.jpg,0.09905660377358491,left_line_only
images/video08_img_00207.jpg,0.11556603773584906,left_line_only
images/video08_img_00208.jpg,0.10849056603773585,left_line_only
images/video08_img_00209.jpg,0.11084905660377359,left_line_only
images/video08_img_00210.jpg,0.09669811320754718,left_line_only
images/video08_img_00211.jpg,0.09905660377358491,left_line_only
images/video08_img_00212.jpg,0.07547169811320754,left_line_only
images/video08_img_00213.jpg,0.11320754716981132,left_line_only
images/video08_img_00214.jpg,0.12264150943396226,left_line_only
images/video08_img_00215.jpg,0.14622641509433962,left_line_only
images/video08_img_00216.jpg,0.18632075471698112,left_line_only
images/video08_img_00217.jpg,0.22169811320754718,left_line_only
images/video08_img_00218.jpg,0.23113207547169812,left_line_only
images/video08_img_00219.jpg,0.21462264150943397,left_line_only
images/video08_img_00220.jpg,0.23820754716981132,left_line_only
images/video08_img_00221.jpg,0.2665094339622642,left_line_only
images/video08_img_00222.jpg,0.2783018867924528,left_line_only
images/video08_img_00223.jpg,0.3160377358490566,left_line_only
images/video08_img_00224.jpg,0.32547169811320753,left_line_only
images/video08_img_00225.jpg,0.31839622641509435,left_line_only
images/video08_img_00226.jpg,0.33254716981132076,left_line_only
images/video08_img_00227.jpg,0.23938679245283018,two_lines
images/video08_img_00228.jpg,0.2511792452830189,two_lines
images/video08_img_00229.jpg,0.3136792452830189,left_line_only
images/video08_img_00230.jpg,0.28773584905660377,left_line_only
images/video08_img_00231.jpg,0.2806603773584906,left_line_only
images/video08_img_00232.jpg,0.25235849056603776,left_line_only
images/video08_img_00233.jpg,0.2099056603773585,left_line_only
images/video08_img_00234.jpg,0.18867924528301888,left_line_only
images/video08_img_00235.jpg,0.19811320754716982,left_line_only
images/video08_img_00236.jpg,0.20518867924528303,left_line_only
images/video08_img_00237.jpg,0.21226415094339623,left_line_only
images/video08_img_00238.jpg,0.2429245283018868,left_line_only
images/video08_img_00239.jpg,0.2688679245283019,left_line_only
images/video08_img_00240.jpg,0.25,left_line_only
images/video08_img_00241.jpg,0.25235849056603776,left_line_only
images/video08_img_00242.jpg,0.25235849056603776,left_line_only
images/video08_img_00243.jpg,0.2665094339622642,left_line_only
images/video08_img_00244.jpg,0.29009433962264153,left_line_only
images/video08_img_00245.jpg,0.2665094339622642,left_line_only
images/video08_img_00246.jpg,0.28537735849056606,left_line_only
images/video08_img_00247.jpg,0.25707547169811323,left_line_only
images/video08_img_00248.jpg,0.2429245283018868,left_line_only
images/video08_img_00249.jpg,0.25707547169811323,left_line_only
images/video08_img_00250.jpg,0.21933962264150944,left_line_only
images/video08_img_00251.jpg,0.19339622641509435,left_line_only
images/video08_img_00252.jpg,0.1320754716981132,left_line_only
images/video08_img_00253.jpg,0.125,left_line_only
images/video08_img_00254.jpg,0.1320754716981132,left_line_only
images/video08_img_00255.jpg,0.1391509433962264,left_line_only
images/video08_img_00256.jpg,0.15566037735849056,left_line_only
images/video08_img_00257.jpg,0.1792452830188679,left_line_only
images/video08_img_00258.jpg,0.18867924528301888,left_line_only
images/video08_img_00259.jpg,0.16627358490566038,two_lines
images/video08_img_00260.jpg,0.1804245283018868,two_lines
images/video08_img_00261.jpg,0.15683962264150944,two_lines
images/video08_img_00262.jpg,0.16981132075471697,two_lines
images/video08_img_00263.jpg,0.18278301886792453,two_lines
images/video08_img_00264.jpg,0.1363207547169794,left_line_only
images/video08_img_00265.jpg,0.11320754716981132,left_line_only
images/video08_img_00266.jpg,0.06132075471698113,left_line_only
images/video08_img_00267.jpg,0.0660377358490566,left_line_only
images/video08_img_00268.jpg,0.08962264150943396,left_line_only
images/video08_img_00269.jpg,0.07311320754716981,left_line_only
images/video08_img_00270.jpg,0.07311320754716981,left_line_only
images/video08_img_00271.jpg,0.06839622641509434,left_line_only
images/video08_img_00272.jpg,0.05660377358490566,left_line_only
images/video08_img_00273.jpg,0.06132075471698113,left_line_only
images/video08_img_00274.jpg,0.06839622641509434,left_line_only
images/video08_img_00275.jpg,0.06367924528301887,left_line_only
images/video08_img_00276.jpg,0.03537735849056604,left_line_only
images/video08_img_00277.jpg,0.007075471698113208,left_line_only
images/video08_img_00278.jpg,-0.01650943396226415,left_line_only
images/video08_img_00279.jpg,-0.01179245283018868,left_line_only
images/video08_img_00280.jpg,0.13443396226415094,two_lines
images/video08_img_00281.jpg,0.12617924528301888,two_lines
images/video08_img_00282.jpg,0.01179245283018868,left_line_only
images/video08_img_00283.jpg,-0.007075471698113208,left_line_only
images/video08_img_00284.jpg,-0.04481132075471698,left_line_only
images/video08_img_00285.jpg,-0.05188679245283019,left_line_only
images/video08_img_00286.jpg,0.08844339622641509,two_lines
images/video08_img_00287.jpg,-0.0023584905660377358,left_line_only
images/video08_img_00288.jpg,0.049528301886792456,left_line_only
images/video08_img_00289.jpg,-0.06839622641509434,left_line_only
images/video08_img_00290.jpg,0.03278301886792367,left_line_only
images/video08_img_00291.jpg,0.16745283018867924,left_line_only
images/video08_img_00292.jpg,0.055424528301886794,two_lines
images/video08_img_00293.jpg,0.025943396226415096,two_lines
images/video08_img_00294.jpg,0.02205188679245154,two_lines
images/video08_img_00295.jpg,0.024764150943396228,two_lines
images/video08_img_00296.jpg,0.024764150943396228,two_lines
images/video08_img_00297.jpg,0.02240566037735849,two_lines
images/video08_img_00298.jpg,0.03419811320754717,two_lines
images/video08_img_00299.jpg,0.025943396226415096,two_lines
images/video08_img_00300.jpg,0.036556603773584904,two_lines
images/video08_img_00301.jpg,0.03419811320754717,two_lines
images/video08_img_00302.jpg,0.02488207547169814,two_lines
images/video08_img_00303.jpg,0.02830188679245283,two_lines
images/video08_img_00304.jpg,0.03419811320754717,two_lines
images/video08_img_00305.jpg,0.032606132075471674,two_lines
images/video08_img_00306.jpg,0.024764150943396228,two_lines
images/video08_img_00307.jpg,0.02122641509433962,two_lines
images/video08_img_00308.jpg,0.02830188679245283,two_lines
images/video08_img_00309.jpg,0.02830188679245283,two_lines
images/video08_img_00310.jpg,0.03537735849056604,two_lines
images/video08_img_00311.jpg,0.0294811320754717,two_lines
images/video08_img_00312.jpg,0.0294811320754717,two_lines
images/video08_img_00313.jpg,0.020047169811320754,two_lines
images/video08_img_00314.jpg,0.01768867924528302,two_lines
images/video08_img_00315.jpg,0.018867924528301886,two_lines
images/video08_img_00316.jpg,0.020047169811320754,two_lines
images/video08_img_00317.jpg,0.024764150943396228,two_lines
images/video08_img_00318.jpg,0.02358490566037736,two_lines
images/video08_img_00319.jpg,0.031839622641509434,two_lines
images/video08_img_00320.jpg,0.03419811320754717,two_lines
images/video08_img_00321.jpg,0.02358490566037736,two_lines
images/video08_img_00322.jpg,0.018867924528301886,two_lines
images/video08_img_00323.jpg,0.08608490566037735,two_lines
images/video08_img_00324.jpg,0.16627358490566038,two_lines
images/video08_img_00325.jpg,0.10495283018867925,two_lines
images/video08_img_00326.jpg,0.08136792452830188,two_lines
images/video08_img_00327.jpg,0.06721698113207547,two_lines
images/video08_img_00328.jpg,0.0695754716981132,two_lines
images/video08_img_00329.jpg,0.06132075471698113,two_lines
images/video08_img_00330.jpg,0.04245283018867924,two_lines
images/video08_img_00331.jpg,0.10613207547169812,two_lines
images/video08_img_00332.jpg,0.5636792452830188,left_line_only
images/video08_img_00333.jpg,-0.049528301886792456,two_lines
images/video08_img_00334.jpg,-0.01768867924528302,two_lines
images/video08_img_00335.jpg,-0.08726415094339622,two_lines
images/video08_img_00336.jpg,-0.0589622641509434,two_lines
images/video08_img_00337.jpg,-0.04481132075471698,two_lines
images/video09_img_00000.jpg,0.025943396226415096,two_lines
images/video09_img_00001.jpg,0.030660377358490566,two_lines
images/video09_img_00002.jpg,0.030896226415094392,two_lines
images/video09_img_00003.jpg,0.034846698113207494,two_lines
images/video09_img_00004.jpg,0.050589622641509006,two_lines
images/video09_img_00005.jpg,0.09198113207547169,two_lines
images/video09_img_00006.jpg,0.13272405660377354,two_lines
images/video09_img_00007.jpg,0.1509433962264151,two_lines
images/video09_img_00008.jpg,0.1644457547169812,two_lines
images/video09_img_00009.jpg,0.15212264150943397,two_lines
images/video09_img_00010.jpg,0.15212264150943397,two_lines
images/video09_img_00011.jpg,0.14504716981132076,two_lines
images/video09_img_00012.jpg,0.11202830188679246,two_lines
images/video09_img_00013.jpg,0.16037735849056603,two_lines
images/video09_img_00014.jpg,0.17712264150943374,two_lines
images/video09_img_00015.jpg,0.17688679245283018,two_lines
images/video09_img_00016.jpg,0.17099056603773585,two_lines
images/video09_img_00017.jpg,0.18867924528301888,two_lines
images/video09_img_00018.jpg,0.14386792452830188,two_lines
images/video09_img_00019.jpg,0.13225235849056602,two_lines
images/video09_img_00020.jpg,0.13679245283018868,two_lines
images/video09_img_00021.jpg,0.11674528301886793,two_lines
images/video09_img_00022.jpg,0.1214622641509434,two_lines
images/video09_img_00023.jpg,0.14386792452830188,two_lines
images/video09_img_00024.jpg,0.17806603773584906,two_lines
images/video09_img_00025.jpg,0.14504716981132076,two_lines
images/video09_img_00026.jpg,0.17570754716981132,two_lines
images/video09_img_00027.jpg,0.2240566037735849,two_lines
images/video09_img_00028.jpg,0.2240566037735849,two_lines
images/video09_img_00029.jpg,0.22287735849056603,two_lines
images/video09_img_00030.jpg,0.23231132075471697,two_lines
images/video09_img_00031.jpg,0.21479952830188637,two_lines
images/video09_img_00032.jpg,0.2028301886792453,two_lines
images/video09_img_00033.jpg,0.18867924528301888,two_lines
images/video09_img_00034.jpg,0.18396226415094338,left_line_only
images/video09_img_00035.jpg,0.2240566037735849,left_line_only
images/video09_img_00036.jpg,0.20288915094339618,two_lines
images/video09_img_00037.jpg,0.21462264150943397,two_lines
images/video09_img_00038.jpg,0.18396226415094338,two_lines
images/video09_img_00039.jpg,0.14976415094339623,two_lines
images/video09_img_00040.jpg,0.1320754716981132,two_lines
images/video09_img_00041.jpg,0.14268867924528303,two_lines
images/video09_img_00042.jpg,0.17099056603773585,two_lines
images/video09_img_00043.jpg,0.16627358490566038,two_lines
images/video09_img_00044.jpg,0.17889150943396231,two_lines
images/video09_img_00045.jpg,0.18985849056603774,two_lines
images/video09_img_00046.jpg,0.1804245283018868,two_lines
images/video09_img_00047.jpg,0.11084905660377359,two_lines
images/video09_img_00048.jpg,0.1650943396226415,two_lines
images/video09_img_00049.jpg,0.1733490566037736,two_lines
images/video09_img_00050.jpg,0.17777122641509435,two_lines
images/video09_img_00051.jpg,0.15919811320754718,two_lines
images/video09_img_00052.jpg,0.15206367924528308,two_lines
images/video09_img_00053.jpg,0.1474056603773585,two_lines
images/video09_img_00054.jpg,0.16391509433962265,two_lines
images/video09_img_00055.jpg,0.15919811320754718,two_lines
images/video09_img_00056.jpg,0.1580188679245283,two_lines
images/video09_img_00057.jpg,0.1544811320754717,two_lines
images/video09_img_00058.jpg,0.14445754716981132,two_lines
images/video09_img_00059.jpg,0.1179245283018868,two_lines
images/video09_img_00060.jpg,0.09905660377358491,two_lines
images/video09_img_00061.jpg,0.07900943396226415,two_lines
images/video09_img_00062.jpg,0.0695754716981132,two_lines
images/video09_img_00063.jpg,0.07665094339622641,two_lines
images/video09_img_00064.jpg,0.07783018867924528,two_lines
images/video09_img_00065.jpg,0.06839622641509434,two_lines
images/video09_img_00066.jpg,0.06485849056603774,two_lines
images/video09_img_00067.jpg,0.06367924528301887,two_lines
images/video09_img_00068.jpg,0.07311320754716981,two_lines
images/video09_img_00069.jpg,0.054245283018867926,two_lines
images/video09_img_00070.jpg,0.03773584905660377,two_lines
images/video09_img_00071.jpg,0.044516509433962265,two_lines
images/video09_img_00072.jpg,0.02358490566037736,two_lines
images/video09_img_00073.jpg,0.0330188679245283,two_lines
images/video09_img_00074.jpg,0.027122641509433963,two_lines
images/video09_img_00075.jpg,0.031839622641509434,two_lines
images/video09_img_00076.jpg,0.025943396226415096,two_lines
images/video09_img_00077.jpg,0.045990566037735846,two_lines
images/video09_img_00078.jpg,0.03537735849056604,two_lines
images/video09_img_00079.jpg,0.04009433962264151,two_lines
images/video09_img_00080.jpg,0.025943396226415096,two_lines
images/video09_img_00081.jpg,0.021639150943396253,two_lines
images/video09_img_00082.jpg,0.02358490566037736,two_lines
images/video09_img_00083.jpg,0.06721698113207547,two_lines
images/video09_img_00084.jpg,0.05070754716981132,two_lines
images/video09_img_00085.jpg,0.05070754716981132,two_lines
images/video09_img_00086.jpg,0.03537735849056604,two_lines
images/video09_img_00087.jpg,0.02830188679245283,two_lines
images/video09_img_00088.jpg,0.01650943396226415,two_lines
images/video09_img_00089.jpg,0.04074292452830183,two_lines
images/video09_img_00090.jpg,0.0625,two_lines
images/video09_img_00091.jpg,0.01650943396226415,two_lines
images/video09_img_00092.jpg,0.01061320754716981,two_lines
images/video09_img_00093.jpg,0.0011792452830188679,two_lines
images/video09_img_00094.jpg,0.003537735849056604,two_lines
images/video09_img_00095.jpg,0.03773584905660377,two_lines
images/video09_img_00096.jpg,-0.007075471698113208,two_lines
images/video09_img_00097.jpg,-0.014150943396226415,two_lines
images/video09_img_00098.jpg,0.05778301886792453,two_lines
images/video09_img_00099.jpg,0.06485849056603774,two_lines
images/video09_img_00100.jpg,-0.08844339622641509,two_lines
images/video09_img_00101.jpg,-0.03649764150943401,two_lines
images/video09_img_00102.jpg,-0.030660377358490566,two_lines
images/video09_img_00103.jpg,-0.04009433962264151,two_lines
images/video09_img_00104.jpg,-0.03242924528301887,two_lines
images/video09_img_00105.jpg,-0.024764150943396228,two_lines
images/video09_img_00106.jpg,-0.04834905660377359,two_lines
images/video09_img_00107.jpg,-0.10459905660377444,two_lines
images/video09_img_00108.jpg,0.02358490566037736,two_lines
images/video09_img_00109.jpg,0.02122641509433962,two_lines
images/video09_img_00110.jpg,0.018867924528301886,two_lines
images/video09_img_00111.jpg,0.024764150943396228,two_lines
images/video09_img_00112.jpg,0.027122641509433963,two_lines
images/video09_img_00113.jpg,0.02830188679245283,two_lines
images/video09_img_00114.jpg,0.03773584905660377,two_lines
images/video09_img_00115.jpg,0.03537735849056604,two_lines
images/video09_img_00116.jpg,0.03537735849056604,two_lines
images/video09_img_00117.jpg,0.02122641509433962,two_lines
images/video09_img_00118.jpg,0.020047169811320754,two_lines
images/video09_img_00119.jpg,0.0,two_lines
images/video09_img_00120.jpg,0.008254716981132075,two_lines
images/video09_img_00121.jpg,0.060141509433962265,two_lines
images/video09_img_00122.jpg,0.05566037735849062,two_lines
images/video09_img_00123.jpg,0.04481132075471698,two_lines
images/video09_img_00124.jpg,0.05188679245283019,two_lines
images/video09_img_00125.jpg,0.0589622641509434,two_lines
images/video09_img_00126.jpg,0.05778301886792453,two_lines
images/video09_img_00127.jpg,-0.009433962264150943,two_lines
images/video09_img_00128.jpg,-0.00589622641509434,two_lines
images/video09_img_00129.jpg,0.03225235849056606,two_lines
images/video09_img_00130.jpg,0.04834905660377359,two_lines
images/video09_img_00131.jpg,0.045990566037735846,two_lines
images/video09_img_00132.jpg,0.04481132075471698,two_lines
images/video09_img_00133.jpg,-0.015330188679245283,two_lines
images/video09_img_00134.jpg,-0.036556603773584904,two_lines
images/video09_img_00135.jpg,-0.06839622641509434,two_lines
images/video09_img_00136.jpg,-0.08372641509433962,two_lines
images/video09_img_00137.jpg,-0.0625,two_lines
images/video09_img_00138.jpg,-0.0803066037735848,two_lines
images/video09_img_00139.jpg,-0.10849056603773585,two_lines
images/video09_img_00140.jpg,-0.10141509433962265,two_lines
images/video09_img_00141.jpg,-0.07547169811320754,two_lines
images/video09_img_00142.jpg,-0.0951650943396227,two_lines
images/video09_img_00143.jpg,-0.02240566037735849,two_lines
images/video09_img_00144.jpg,0.03773584905660377,two_lines
images/video09_img_00145.jpg,0.036556603773584904,two_lines
images/video09_img_00146.jpg,0.03537735849056604,two_lines
images/video09_img_00147.jpg,0.04481132075471698,two_lines
images/video09_img_00148.jpg,0.0589622641509434,two_lines
images/video09_img_00149.jpg,0.054245283018867926,two_lines
images/video09_img_00150.jpg,0.045990566037735846,two_lines
images/video09_img_00151.jpg,0.06132075471698113,two_lines
images/video09_img_00152.jpg,0.06132075471698113,two_lines
images/video09_img_00153.jpg,0.05070754716981132,two_lines
images/video09_img_00154.jpg,0.05660377358490566,two_lines
images/video09_img_00155.jpg,0.04887971698113213,two_lines
images/video09_img_00156.jpg,0.054245283018867926,two_lines
images/video09_img_00157.jpg,0.055424528301886794,two_lines
images/video09_img_00158.jpg,0.0589622641509434,two_lines
images/video09_img_00159.jpg,0.04834905660377359,two_lines
images/video09_img_00160.jpg,0.03419811320754717,two_lines
images/video09_img_00161.jpg,0.014150943396226415,two_lines
images/video09_img_00162.jpg,-0.07900943396226415,two_lines
images/video09_img_00163.jpg,-0.07665094339622641,two_lines
images/video09_img_00164.jpg,-0.0625,two_lines
images/video09_img_00165.jpg,-0.05660377358490566,two_lines
images/video09_img_00166.jpg,-0.06132075471698113,two_lines
images/video09_img_00167.jpg,-0.09433962264150944,two_lines
images/video09_img_00168.jpg,-0.07075471698113207,two_lines
images/video09_img_00169.jpg,-0.02122641509433962,two_lines
images/video09_img_00170.jpg,-0.005719339622641536,two_lines
images/video09_img_00171.jpg,0.01061320754716981,two_lines
images/video09_img_00172.jpg,0.01650943396226415,two_lines
images/video09_img_00173.jpg,-0.0011792452830188679,two_lines
images/video09_img_00174.jpg,-0.01179245283018868,two_lines
images/video09_img_00175.jpg,-0.0016509433962270585,two_lines
images/video09_img_00176.jpg,0.014150943396226415,two_lines
images/video09_img_00177.jpg,0.041273584905660375,two_lines
images/video09_img_00178.jpg,0.07311320754716981,two_lines
images/video09_img_00179.jpg,0.07193396226415094,two_lines
images/video09_img_00180.jpg,0.04834905660377359,two_lines
images/video09_img_00181.jpg,0.04009433962264151,two_lines
images/video09_img_00182.jpg,0.03891509433962264,two_lines
images/video09_img_00183.jpg,0.055424528301886794,two_lines
images/video09_img_00184.jpg,0.07193396226415094,two_lines
images/video09_img_00185.jpg,0.03773584905660377,two_lines
images/video09_img_00186.jpg,0.01650943396226415,two_lines
images/video09_img_00187.jpg,0.016096698113207117,two_lines
images/video09_img_00188.jpg,0.007075471698113208,two_lines
images/video09_img_00189.jpg,0.009433962264150943,two_lines
images/video09_img_00190.jpg,0.015330188679245283,two_lines
images/video09_img_00191.jpg,0.01061320754716981,two_lines
images/video09_img_00192.jpg,0.01650943396226415,two_lines
images/video09_img_00193.jpg,0.02122641509433962,two_lines
images/video09_img_00194.jpg,0.0625,two_lines
images/video09_img_00195.jpg,0.08844339622641509,two_lines
images/video09_img_00196.jpg,0.12104952830188677,two_lines
images/video09_img_00197.jpg,0.12417452830188594,two_lines
images/video09_img_00198.jpg,0.13331367924528298,two_lines
images/video09_img_00199.jpg,0.14268867924528303,two_lines
images/video09_img_00200.jpg,0.0660377358490566,left_line_only
images/video09_img_00201.jpg,0.08254716981132075,left_line_only
images/video09_img_00202.jpg,0.10849056603773585,left_line_only
images/video09_img_00203.jpg,0.14386792452830188,left_line_only
images/video09_img_00204.jpg,0.16745283018867924,left_line_only
images/video09_img_00205.jpg,0.18632075471698112,left_line_only
images/video09_img_00206.jpg,0.20047169811320756,left_line_only
images/video09_img_00207.jpg,0.20754716981132076,left_line_only
images/video09_img_00208.jpg,0.2099056603773585,two_lines
images/video09_img_00209.jpg,0.2028301886792453,left_line_only
images/video09_img_00210.jpg,0.21462264150943397,left_line_only
images/video09_img_00211.jpg,0.20047169811320756,left_line_only
images/video09_img_00212.jpg,0.1580188679245283,left_line_only
images/video09_img_00213.jpg,0.1821933962264151,two_lines
images/video09_img_00214.jpg,0.16273584905660377,two_lines
images/video09_img_00215.jpg,0.16863207547169812,two_lines
images/video09_img_00216.jpg,0.1651533018867924,two_lines
images/video09_img_00217.jpg,0.1403301886792453,two_lines
images/video09_img_00218.jpg,0.1733490566037736,two_lines
images/video09_img_00219.jpg,0.1544811320754717,two_lines
images/video09_img_00220.jpg,0.1320754716981132,left_line_only
images/video09_img_00221.jpg,0.12735849056603774,left_line_only
images/video09_img_00222.jpg,0.09905660377358491,left_line_only
images/video09_img_00223.jpg,0.11320754716981132,left_line_only
images/video09_img_00224.jpg,0.07311320754716981,left_line_only
images/video09_img_00225.jpg,0.04245283018867924,left_line_only
images/video09_img_00226.jpg,0.049528301886792456,left_line_only
images/video09_img_00227.jpg,0.08490566037735849,left_line_only
images/video09_img_00228.jpg,0.10377358490566038,left_line_only
images/video09_img_00229.jpg,0.125,left_line_only
images/video09_img_00230.jpg,0.11320754716981132,left_line_only
images/video09_img_00231.jpg,0.13679245283018868,left_line_only
images/video09_img_00232.jpg,0.1721698113207547,left_line_only
images/video09_img_00233.jpg,0.19811320754716982,left_line_only
images/video09_img_00234.jpg,0.2099056603773585,left_line_only
images/video09_img_00235.jpg,0.2665094339622642,left_line_only
images/video09_img_00236.jpg,0.21226415094339623,left_line_only
images/video09_img_00237.jpg,0.25,left_line_only
images/video09_img_00238.jpg,0.22641509433962265,left_line_only
images/video09_img_00239.jpg,0.20047169811320756,left_line_only
images/video09_img_00240.jpg,0.2240566037735849,left_line_only
images/video09_img_00241.jpg,0.22877358490566038,left_line_only
images/video09_img_00242.jpg,0.22641509433962265,left_line_only
images/video09_img_00243.jpg,0.19339622641509435,left_line_only
images/video09_img_00244.jpg,0.18396226415094338,left_line_only
images/video09_img_00245.jpg,0.16981132075471697,left_line_only
images/video09_img_00246.jpg,0.18632075471698112,left_line_only
images/video09_img_00247.jpg,0.10377358490566038,left_line_only
images/video09_img_00248.jpg,0.07311320754716981,left_line_only
images/video09_img_00249.jpg,0.04009433962264151,left_line_only
images/video09_img_00250.jpg,-0.030660377358490566,left_line_only
images/video09_img_00251.jpg,0.07193396226415094,two_lines
images/video09_img_00252.jpg,0.07075471698113207,two_lines
images/video09_img_00253.jpg,0.09198113207547169,two_lines
images/video09_img_00254.jpg,-0.02830188679245283,left_line_only
images/video09_img_00255.jpg,-0.05188679245283019,left_line_only
images/video09_img_00256.jpg,-0.05660377358490566,left_line_only
images/video09_img_00257.jpg,0.06839622641509434,two_lines
images/video09_img_00258.jpg,-0.07547169811320754,left_line_only
images/video09_img_00259.jpg,0.07547169811320754,two_lines
images/video09_img_00260.jpg,0.09687499999999998,two_lines
images/video09_img_00261.jpg,0.10023584905660378,two_lines
images/video09_img_00262.jpg,0.11556603773584906,two_lines
images/video09_img_00263.jpg,0.018867924528301886,left_line_only
images/video09_img_00264.jpg,-0.01650943396226415,left_line_only
images/video09_img_00265.jpg,-0.03773584905660377,left_line_only
images/video09_img_00266.jpg,-0.12264150943396226,left_line_only
images/video09_img_00267.jpg,-0.1320754716981132,left_line_only
images/video09_img_00268.jpg,0.02358490566037736,two_lines
images/video09_img_00269.jpg,0.05660377358490566,two_lines
images/video09_img_00270.jpg,0.05070754716981132,two_lines
images/video09_img_00271.jpg,0.05070754716981132,two_lines
images/video09_img_00272.jpg,0.05306603773584906,two_lines
images/video09_img_00273.jpg,0.055424528301886794,two_lines
images/video09_img_00274.jpg,0.05188679245283019,two_lines
images/video09_img_00275.jpg,0.05660377358490566,two_lines
images/video09_img_00276.jpg,0.0625,two_lines
images/video09_img_00277.jpg,0.05778301886792453,two_lines
images/video09_img_00278.jpg,0.05188679245283019,two_lines
images/video09_img_00279.jpg,0.05070754716981132,two_lines
images/video09_img_00280.jpg,0.0589622641509434,two_lines
images/video09_img_00281.jpg,0.07783018867924528,two_lines
images/video09_img_00282.jpg,0.0660377358490566,two_lines
images/video09_img_00283.jpg,0.04716981132075472,two_lines
images/video09_img_00284.jpg,0.05306603773584906,two_lines
images/video09_img_00285.jpg,-0.07051886792452852,left_line_only
images/video09_img_00286.jpg,-0.07547169811320754,left_line_only
images/video09_img_00287.jpg,-0.07075471698113207,left_line_only
images/video09_img_00288.jpg,-0.08254716981132075,left_line_only
images/video09_img_00289.jpg,-0.08254716981132075,left_line_only
images/video09_img_00290.jpg,-0.08490566037735849,left_line_only
images/video09_img_00291.jpg,0.06650943396226412,two_lines
images/video09_img_00292.jpg,0.04481132075471698,two_lines
images/video09_img_00293.jpg,-0.11084905660377359,left_line_only
images/video09_img_00294.jpg,-0.08018867924528301,left_line_only
images/video09_img_00295.jpg,0.045990566037735846,two_lines
images/video09_img_00296.jpg,0.055424528301886794,two_lines
images/video09_img_00297.jpg,0.03803066037735849,two_lines
images/video09_img_00298.jpg,0.01179245283018868,two_lines
images/video09_img_00299.jpg,-0.1792452830188679,left_line_only
images/video09_img_00300.jpg,0.03419811320754717,two_lines
images/video09_img_00301.jpg,0.03331367924528302,two_lines
images/video09_img_00302.jpg,0.03891509433962264,two_lines
images/video09_img_00303.jpg,0.03537735849056604,two_lines
images/video09_img_00304.jpg,0.031839622641509434,two_lines
images/video09_img_00305.jpg,0.030660377358490566,two_lines
images/video09_img_00306.jpg,0.025943396226415096,two_lines
images/video10_img_00000.jpg,0.0,left_line_only
images/video10_img_00001.jpg,0.09905660377358491,two_lines
images/video10_img_00002.jpg,0.10106132075471704,two_lines
images/video10_img_00003.jpg,-0.01179245283018868,left_line_only
images/video10_img_00004.jpg,0.09204009433962258,two_lines
images/video10_img_00005.jpg,0.07311320754716981,two_lines
images/video10_img_00006.jpg,0.085377358490566,two_lines
images/video10_img_00007.jpg,0.11179245283018863,two_lines
images/video10_img_00008.jpg,0.11674528301886793,two_lines
images/video10_img_00009.jpg,0.12028301886792453,two_lines
images/video10_img_00010.jpg,0.10259433962264151,two_lines
images/video10_img_00011.jpg,0.08136792452830188,two_lines
images/video10_img_00012.jpg,0.08018867924528301,two_lines
images/video10_img_00013.jpg,0.08372641509433962,two_lines
images/video10_img_00014.jpg,-0.007075471698113208,left_line_only
images/video10_img_00015.jpg,-0.02122641509433962,left_line_only
images/video10_img_00016.jpg,-0.04009433962264151,left_line_only
images/video10_img_00017.jpg,-0.07311320754716981,left_line_only
images/video10_img_00018.jpg,-0.07783018867924528,left_line_only
images/video10_img_00019.jpg,-0.08490566037735849,left_line_only
images/video10_img_00020.jpg,-0.09198113207547169,left_line_only
images/video10_img_00021.jpg,-0.10377358490566038,left_line_only
images/video10_img_00022.jpg,-0.14386792452830188,left_line_only
images/video10_img_00023.jpg,-0.16721698113207542,left_line_only
images/video10_img_00024.jpg,-0.1792452830188679,left_line_only
images/video10_img_00025.jpg,-0.19103773584905662,left_line_only
images/video10_img_00026.jpg,-0.1957547169811321,left_line_only
images/video10_img_00027.jpg,-0.17688679245283018,left_line_only
images/video10_img_00028.jpg,-0.15566037735849056,left_line_only
images/video10_img_00029.jpg,-0.14858490566037735,left_line_only
images/video10_img_00030.jpg,-0.14386792452830188,left_line_only
images/video10_img_00031.jpg,-0.12971698113207547,left_line_only
images/video10_img_00032.jpg,-0.11320754716981132,left_line_only
images/video10_img_00033.jpg,-0.09669811320754718,left_line_only
images/video10_img_00034.jpg,-0.08962264150943396,left_line_only
images/video10_img_00035.jpg,-0.07547169811320754,left_line_only
images/video10_img_00036.jpg,-0.0589622641509434,left_line_only
images/video10_img_00037.jpg,-0.05188679245283019,left_line_only
images/video10_img_00038.jpg,-0.05660377358490566,left_line_only
images/video10_img_00039.jpg,-0.0589622641509434,left_line_only
images/video10_img_00040.jpg,-0.0589622641509434,left_line_only
images/video10_img_00041.jpg,-0.0589622641509434,left_line_only
images/video10_img_00042.jpg,-0.06367924528301887,left_line_only
images/video10_img_00043.jpg,-0.07311320754716981,left_line_only
images/video10_img_00044.jpg,-0.07783018867924528,left_line_only
images/video10_img_00045.jpg,-0.08490566037735849,left_line_only
images/video10_img_00046.jpg,-0.08018867924528301,left_line_only
images/video10_img_00047.jpg,-0.07075471698113207,left_line_only
images/video10_img_00048.jpg,-0.0660377358490566,left_line_only
images/video10_img_00049.jpg,-0.07075471698113207,left_line_only
images/video10_img_00050.jpg,-0.07075471698113207,left_line_only
images/video10_img_00051.jpg,-0.05660377358490566,left_line_only
images/video10_img_00052.jpg,-0.04009433962264151,left_line_only
images/video10_img_00053.jpg,-0.018867924528301886,left_line_only
images/video10_img_00054.jpg,-0.001650943396225986,left_line_only
images/video10_img_00055.jpg,0.07959905660377359,two_lines
images/video10_img_00056.jpg,-0.04304245283018868,two_lines
images/video10_img_00057.jpg,-0.014386792452831046,two_lines
images/video10_img_00058.jpg,-0.007075471698113208,two_lines
images/video10_img_00059.jpg,0.0011792452830188679,two_lines
images/video10_img_00060.jpg,0.03537735849056604,two_lines
images/video10_img_00061.jpg,0.09669811320754718,two_lines
images/video10_img_00062.jpg,0.03773584905660377,two_lines
images/video10_img_00063.jpg,-0.03372641509433965,two_lines
images/video10_img_00064.jpg,-0.008254716981132075,two_lines
images/video10_img_00065.jpg,0.15212264150943397,two_lines
images/video10_img_00066.jpg,0.1615566037735849,two_lines
images/video10_img_00067.jpg,0.1804245283018868,two_lines
images/video10_img_00068.jpg,0.14858490566037735,left_line_only
images/video10_img_00069.jpg,0.1509433962264151,left_line_only
images/video10_img_00070.jpg,0.15330188679245282,left_line_only
images/video10_img_00071.jpg,0.15330188679245282,left_line_only
images/video10_img_00072.jpg,0.1650943396226415,left_line_only
images/video10_img_00073.jpg,0.15330188679245282,left_line_only
images/video10_img_00074.jpg,0.17452830188679244,left_line_only
images/video10_img_00075.jpg,0.17688679245283018,left_line_only
images/video10_img_00076.jpg,0.21226415094339623,left_line_only
images/video10_img_00077.jpg,0.25943396226415094,left_line_only
images/video10_img_00078.jpg,0.24056603773584906,left_line_only
images/video10_img_00079.jpg,0.2099056603773585,left_line_only
images/video10_img_00080.jpg,0.21226415094339623,left_line_only
images/video10_img_00081.jpg,0.20872641509433962,two_lines
images/video10_img_00082.jpg,0.21462264150943397,two_lines
images/video10_img_00083.jpg,0.22169811320754718,two_lines
images/video10_img_00084.jpg,0.21933962264150944,left_line_only
images/video10_img_00085.jpg,0.21226415094339623,left_line_only
images/video10_img_00086.jpg,0.21226415094339623,left_line_only
images/video10_img_00087.jpg,0.20636792452830188,two_lines
images/video10_img_00088.jpg,0.18508254716981004,two_lines
images/video10_img_00089.jpg,0.16981132075471697,two_lines
images/video10_img_00090.jpg,0.1391509433962264,two_lines
images/video10_img_00091.jpg,0.10259433962264151,two_lines
images/video10_img_00092.jpg,0.030660377358490566,two_lines
images/video10_img_00093.jpg,-0.04009433962264151,two_lines
images/video10_img_00094.jpg,-0.018867924528301886,two_lines
images/video10_img_00095.jpg,-0.024764150943396228,two_lines
images/video10_img_00096.jpg,0.0,two_lines
images/video10_img_00097.jpg,0.0023584905660377358,two_lines
images/video10_img_00098.jpg,-0.06132075471698113,two_lines
images/video10_img_00099.jpg,-0.015330188679245283,two_lines
images/video10_img_00100.jpg,-0.05459905660377487,two_lines
images/video10_img_00101.jpg,-0.0695754716981132,two_lines
images/video10_img_00102.jpg,-0.030660377358490566,two_lines
images/video10_img_00103.jpg,-0.030660377358490566,two_lines
images/video10_img_00104.jpg,0.049528301886792456,two_lines
images/video10_img_00105.jpg,0.09433962264150944,two_lines
images/video10_img_00106.jpg,-0.15790094339622707,left_line_only
images/video10_img_00107.jpg,-0.04834905660377359,two_lines
images/video10_img_00108.jpg,-0.04363207547169811,two_lines
images/video10_img_00109.jpg,-0.05660377358490566,two_lines
images/video10_img_00110.jpg,-0.06839622641509434,two_lines
images/video10_img_00111.jpg,-0.012971698113207548,two_lines
images/video10_img_00112.jpg,-0.1474056603773585,two_lines
images/video10_img_00113.jpg,-0.027122641509433963,two_lines
images/video10_img_00114.jpg,0.007075471698113208,two_lines
images/video10_img_00115.jpg,-0.027122641509433963,two_lines
images/video10_img_00116.jpg,-0.041273584905660375,two_lines
images/video10_img_00117.jpg,-0.060141509433962265,two_lines
images/video10_img_00118.jpg,-0.08254716981132075,two_lines
images/video10_img_00119.jpg,-0.09080188679245282,two_lines
images/video10_img_00120.jpg,-0.09905660377358491,two_lines
images/video10_img_00121.jpg,-0.09080188679245282,two_lines
images/video10_img_00122.jpg,-0.08490566037735849,two_lines
images/video10_img_00123.jpg,-0.09433962264150944,two_lines
images/video10_img_00124.jpg,-0.07576650943396226,two_lines
images/video10_img_00125.jpg,-0.09433962264150944,two_lines
images/video10_img_00126.jpg,-0.06839622641509434,two_lines
images/video10_img_00127.jpg,0.020047169811320754,two_lines
images/video10_img_00128.jpg,0.025943396226415096,two_lines
images/video10_img_00129.jpg,0.01179245283018868,two_lines
images/video10_img_00130.jpg,-0.018867924528301886,two_lines
images/video10_img_00131.jpg,-0.027712264150943397,two_lines
images/video10_img_00132.jpg,-0.027122641509433963,two_lines
images/video10_img_00133.jpg,0.01061320754716981,two_lines
images/video10_img_00134.jpg,-0.003537735849056604,two_lines
images/video10_img_00135.jpg,-0.01768867924528302,two_lines
images/video10_img_00136.jpg,-0.015330188679245283,two_lines
images/video10_img_00137.jpg,-0.01061320754716981,two_lines
images/video10_img_00138.jpg,0.0,two_lines
images/video10_img_00139.jpg,-0.04009433962264151,two_lines
images/video10_img_00140.jpg,-0.109375,two_lines
images/video10_img_00141.jpg,-0.055424528301886794,two_lines
images/video10_img_00142.jpg,-0.0047169811320754715,two_lines
images/video10_img_00143.jpg,-0.01061320754716981,two_lines
images/video10_img_00144.jpg,-0.08372641509433962,two_lines
images/video10_img_00145.jpg,-0.060141509433962265,two_lines
images/video10_img_00146.jpg,-0.045990566037735846,two_lines
images/video10_img_00147.jpg,-0.0294811320754717,two_lines
images/video10_img_00148.jpg,-0.04481132075471698,two_lines
images/video10_img_00149.jpg,-0.049528301886792456,two_lines
images/video10_img_00150.jpg,-0.03419811320754717,two_lines
images/video10_img_00151.jpg,-0.0294811320754717,two_lines
images/video10_img_00152.jpg,-0.025943396226415096,two_lines
images/video10_img_00153.jpg,-0.013797169811320809,two_lines
images/video10_img_00154.jpg,-0.009433962264150943,two_lines
images/video10_img_00155.jpg,0.003537735849056604,two_lines
images/video10_img_00156.jpg,0.008254716981132075,two_lines
images/video10_img_00157.jpg,0.01061320754716981,two_lines
images/video10_img_00158.jpg,-0.041273584905660375,two_lines
images/video10_img_00159.jpg,-0.0294811320754717,two_lines
images/video10_img_00160.jpg,0.04363207547169811,two_lines
images/video10_img_00161.jpg,0.04009433962264151,two_lines
images/video10_img_00162.jpg,0.018867924528301886,two_lines
images/video10_img_00163.jpg,0.00589622641509434,two_lines
images/video10_img_00164.jpg,0.0011792452830188679,two_lines
images/video10_img_00165.jpg,-0.018867924528301886,two_lines
images/video10_img_00166.jpg,-0.016922169811321185,two_lines
images/video10_img_00167.jpg,-0.02240566037735849,two_lines
images/video10_img_00168.jpg,-0.0695754716981132,two_lines
images/video10_img_00169.jpg,-0.0660377358490566,two_lines
images/video10_img_00170.jpg,-0.04245283018867924,two_lines
images/video10_img_00171.jpg,-0.024764150943396228,two_lines
images/video10_img_00172.jpg,0.00589622641509434,two_lines
images/video10_img_00173.jpg,-0.0023584905660377358,two_lines
images/video10_img_00174.jpg,-0.01179245283018868,two_lines
images/video10_img_00175.jpg,-0.014150943396226415,two_lines
images/video10_img_00176.jpg,0.00589622641509434,two_lines
images/video10_img_00177.jpg,0.02122641509433962,two_lines
images/video10_img_00178.jpg,0.017452830188678388,two_lines
images/video10_img_00179.jpg,0.01768867924528302,two_lines
images/video10_img_00180.jpg,0.02358490566037736,two_lines
images/video10_img_00181.jpg,-0.027122641509433963,two_lines
images/video10_img_00182.jpg,-0.026002358490565983,two_lines
images/video10_img_00183.jpg,-0.02358490566037736,two_lines
images/video10_img_00184.jpg,-0.024764150943396228,two_lines
images/video10_img_00185.jpg,-0.036556603773584904,two_lines
images/video10_img_00186.jpg,0.05306603773584906,two_lines
images/video10_img_00187.jpg,0.05188679245283019,two_lines
images/video10_img_00188.jpg,0.08844339622641509,two_lines
images/video10_img_00189.jpg,0.09551886792452831,two_lines
images/video10_img_00190.jpg,0.07193396226415094,two_lines
images/video10_img_00191.jpg,0.05306603773584906,two_lines
images/video10_img_00192.jpg,0.0330188679245283,two_lines
images/video10_img_00193.jpg,0.0330188679245283,two_lines
images/video10_img_00194.jpg,0.055424528301886794,two_lines
images/video10_img_00195.jpg,0.0589622641509434,two_lines
images/video10_img_00196.jpg,0.060141509433962265,two_lines
images/video10_img_00197.jpg,0.03891509433962264,two_lines
images/video10_img_00198.jpg,0.04009433962264151,two_lines
images/video10_img_00199.jpg,0.02830188679245283,two_lines
images/video10_img_00200.jpg,0.03537735849056604,two_lines
images/video10_img_00201.jpg,0.015330188679245283,two_lines
images/video10_img_00202.jpg,0.03803066037735849,two_lines
images/video10_img_00203.jpg,0.08726415094339622,two_lines
images/video10_img_00204.jpg,0.07547169811320754,two_lines
images/video10_img_00205.jpg,0.0695754716981132,two_lines
images/video10_img_00206.jpg,0.06132075471698113,two_lines
images/video10_img_00207.jpg,0.0625,two_lines
images/video10_img_00208.jpg,0.06721698113207547,two_lines
images/video10_img_00209.jpg,0.08490566037735849,two_lines
images/video10_img_00210.jpg,0.06780660377358491,two_lines
images/video10_img_00211.jpg,0.05660377358490566,two_lines
images/video10_img_00212.jpg,0.0695754716981132,two_lines
images/video10_img_00213.jpg,0.03773584905660377,two_lines
images/video10_img_00214.jpg,0.14622641509433962,two_lines
images/video10_img_00215.jpg,0.16981132075471697,left_line_only
images/video10_img_00216.jpg,0.18160377358490565,left_line_only
images/video10_img_00217.jpg,0.182311320754717,two_lines
images/video10_img_00218.jpg,0.17676886792452828,two_lines
images/video10_img_00219.jpg,0.17099056603773585,two_lines
images/video10_img_00220.jpg,0.16379716981132073,two_lines
images/video10_img_00221.jpg,0.1615566037735849,two_lines
images/video10_img_00222.jpg,0.16391509433962265,two_lines
images/video10_img_00223.jpg,0.16745283018867924,two_lines
images/video10_img_00224.jpg,0.1596698113207547,two_lines
images/video10_img_00225.jpg,0.12971698113207547,two_lines
images/video10_img_00226.jpg,0.09433962264150944,two_lines
images/video10_img_00227.jpg,0.04716981132075472,two_lines
images/video10_img_00228.jpg,0.05070754716981132,two_lines
images/video10_img_00229.jpg,0.09669811320754718,two_lines
images/video10_img_00230.jpg,0.09669811320754718,two_lines
images/video10_img_00231.jpg,0.07547169811320754,two_lines
images/video10_img_00232.jpg,0.07429245283018868,two_lines
images/video10_img_00233.jpg,0.09669811320754718,two_lines
images/video10_img_00234.jpg,0.1509433962264151,two_lines
images/video10_img_00235.jpg,0.04433962264150772,left_line_only
images/video10_img_00236.jpg,0.06367924528301887,two_lines
images/video10_img_00237.jpg,0.0,two_lines
images/video10_img_00238.jpg,-0.04245283018867924,two_lines
images/video10_img_00239.jpg,-0.0666863207547172,two_lines
images/video10_img_00240.jpg,0.01179245283018868,two_lines
images/video10_img_00241.jpg,0.0625,two_lines
images/video10_img_00242.jpg,0.06485849056603774,two_lines
images/video10_img_00243.jpg,0.0695754716981132,two_lines
images/video10_img_00244.jpg,0.07305424528301892,two_lines
images/video10_img_00245.jpg,0.0660377358490566,two_lines
images/video10_img_00246.jpg,0.05306603773584906,two_lines
images/video10_img_00247.jpg,0.054245283018867926,two_lines
images/video10_img_00248.jpg,0.0589622641509434,two_lines
images/video10_img_00249.jpg,0.0695754716981132,two_lines
images/video10_img_00250.jpg,0.08962264150943396,two_lines
images/video10_img_00251.jpg,0.07429245283018868,two_lines
images/video10_img_00252.jpg,0.01061320754716981,two_lines
images/video10_img_00253.jpg,0.0294811320754717,two_lines
images/video10_img_00254.jpg,0.01179245283018868,two_lines
images/video10_img_00255.jpg,-0.0023584905660377358,two_lines
images/video10_img_00256.jpg,0.01179245283018868,two_lines
images/video10_img_00257.jpg,0.030660377358490566,two_lines
images/video10_img_00258.jpg,0.04363207547169811,two_lines
images/video10_img_00259.jpg,0.05035377358490571,two_lines
images/video10_img_00260.jpg,-0.09198113207547169,left_line_only
images/video10_img_00261.jpg,0.041273584905660375,two_lines
images/video10_img_00262.jpg,0.07665094339622641,two_lines
images/video10_img_00263.jpg,0.0589622641509434,two_lines
images/video10_img_00264.jpg,0.06132075471698113,two_lines
images/video10_img_00265.jpg,0.0625,two_lines
images/video10_img_00266.jpg,0.07900943396226415,two_lines
images/video10_img_00267.jpg,0.07665094339622641,two_lines
images/video10_img_00268.jpg,0.06132075471698113,two_lines
images/video10_img_00269.jpg,0.06721698113207547,two_lines
images/video10_img_00270.jpg,0.024764150943396228,two_lines
images/video10_img_00271.jpg,0.04481132075471698,two_lines
images/video10_img_00272.jpg,0.12794811320754718,two_lines
images/video10_img_00273.jpg,0.13443396226415094,two_lines
images/video10_img_00274.jpg,0.12028301886792453,two_lines
images/video10_img_00275.jpg,0.07311320754716981,two_lines
images/video10_img_00276.jpg,0.02830188679245283,two_lines
images/video10_img_00277.jpg,0.020047169811320754,two_lines
images/video10_img_00278.jpg,-0.00589622641509434,two_lines
images/video10_img_00279.jpg,0.0011792452830188679,two_lines
images/video10_img_00280.jpg,0.03997641509433959,two_lines
images/video10_img_00281.jpg,0.04363207547169811,two_lines
images/video10_img_00282.jpg,0.060141509433962265,two_lines
images/video10_img_00283.jpg,0.054245283018867926,two_lines
images/video10_img_00284.jpg,0.05778301886792453,two_lines
images/video10_img_00285.jpg,0.04245283018867924,two_lines
images/video10_img_00286.jpg,0.07429245283018868,two_lines
images/video10_img_00287.jpg,-0.04481132075471698,left_line_only
images/video10_img_00288.jpg,0.09080188679245282,two_lines
images/video10_img_00289.jpg,-0.018867924528301886,left_line_only
images/video10_img_00290.jpg,0.0023584905660377358,left_line_only
images/video10_img_00291.jpg,-0.02122641509433962,left_line_only
images/video10_img_00292.jpg,-0.01650943396226415,left_line_only
images/video10_img_00293.jpg,0.009433962264150943,left_line_only
images/video10_img_00294.jpg,-0.0047169811320754715,left_line_only
images/video10_img_00295.jpg,0.09316037735849056,two_lines
images/video10_img_00296.jpg,-0.018867924528301886,left_line_only
images/video10_img_00297.jpg,-0.03773584905660377,left_line_only
images/video10_img_00298.jpg,-0.06367924528301887,left_line_only
images/video10_img_00299.jpg,-0.02358490566037736,left_line_only
images/video10_img_00300.jpg,-0.03537735849056604,left_line_only
images/video10_img_00301.jpg,0.13667452830188676,two_lines
images/video10_img_00302.jpg,-0.014150943396226415,left_line_only
images/video10_img_00303.jpg,-0.014150943396226415,left_line_only
images/video10_img_00304.jpg,-0.02830188679245283,left_line_only
images/video10_img_00305.jpg,-0.025943396226415096,left_line_only
images/video10_img_00306.jpg,0.0047169811320754715,left_line_only
images/video10_img_00307.jpg,0.08738207547169814,two_lines
images/video10_img_00308.jpg,0.09905660377358491,two_lines
images/video10_img_00309.jpg,0.12853773584905662,two_lines
images/video10_img_00310.jpg,0.11910377358490566,two_lines
images/video10_img_00311.jpg,0.125,two_lines
images/video10_img_00312.jpg,0.12028301886792453,two_lines
images/video10_img_00313.jpg,0.14504716981132076,two_lines
images/video10_img_00314.jpg,0.07783018867924528,left_line_only
images/video10_img_00315.jpg,0.08962264150943396,left_line_only
images/video10_img_00316.jpg,0.09669811320754718,left_line_only
images/video10_img_00317.jpg,0.09905660377358491,left_line_only
images/video10_img_00318.jpg,0.11556603773584906,left_line_only
images/video10_img_00319.jpg,0.11556603773584906,left_line_only
images/video10_img_00320.jpg,0.16745283018867924,two_lines
images/video10_img_00321.jpg,0.15507075471698112,two_lines
images/video10_img_00322.jpg,0.1804245283018868,two_lines
images/video10_img_00323.jpg,0.18166273584905654,two_lines
images/video10_img_00324.jpg,0.1391509433962264,left_line_only
images/video10_img_00325.jpg,0.1391509433962264,left_line_only
images/video10_img_00326.jpg,0.14858490566037735,left_line_only
images/video10_img_00327.jpg,0.12264150943396226,left_line_only
images/video10_img_00328.jpg,0.12264150943396226,left_line_only
images/video10_img_00329.jpg,0.06132075471698113,left_line_only
images/video10_img_00330.jpg,0.02358490566037736,left_line_only
images/video10_img_00331.jpg,0.009433962264150943,left_line_only
images/video10_img_00332.jpg,0.11202830188679246,two_lines
images/video10_img_00333.jpg,-0.014150943396226415,left_line_only
images/video10_img_00334.jpg,0.09551886792452831,two_lines
images/video10_img_00335.jpg,0.08962264150943396,two_lines
images/video10_img_00336.jpg,0.08726415094339622,two_lines
images/video10_img_00337.jpg,0.08844339622641509,two_lines
images/video10_img_00338.jpg,0.10966981132075472,two_lines
images/video10_img_00339.jpg,0.02535377358490566,two_lines
images/video10_img_00340.jpg,0.04481132075471698,two_lines
images/video10_img_00341.jpg,0.037323113207547144,two_lines
images/video10_img_00342.jpg,0.045990566037735846,two_lines
images/video10_img_00343.jpg,0.020047169811320754,two_lines
images/video10_img_00344.jpg,0.020047169811320754,two_lines
images/video10_img_00345.jpg,0.01179245283018868,two_lines
images/video10_img_00346.jpg,0.025943396226415096,two_lines
images/video10_img_00347.jpg,0.01061320754716981,two_lines
images/video10_img_00348.jpg,0.012971698113207548,two_lines
images/video10_img_00349.jpg,0.018867924528301886,two_lines
images/video10_img_00350.jpg,0.036556603773584904,two_lines
images/video10_img_00351.jpg,0.03773584905660377,two_lines
images/video10_img_00352.jpg,0.03537735849056604,two_lines
images/video10_img_00353.jpg,0.018867924528301886,two_lines
images/video10_img_00354.jpg,0.03537735849056604,two_lines
images/video10_img_00355.jpg,0.06992924528301908,two_lines
images/video10_img_00356.jpg,0.04009433962264151,two_lines
images/video10_img_00357.jpg,0.05306603773584906,two_lines
images/video10_img_00358.jpg,0.06721698113207547,two_lines
images/video10_img_00359.jpg,0.06833726415094345,two_lines
images/video10_img_00360.jpg,0.08372641509433962,two_lines
images/video10_img_00361.jpg,-0.05660377358490566,left_line_only
images/video10_img_00362.jpg,-0.03537735849056604,left_line_only
images/video10_img_00363.jpg,0.08962264150943396,left_line_only
images/video10_img_00364.jpg,0.12382075471698113,two_lines
images/video10_img_00365.jpg,0.1332547169811321,two_lines
images/video10_img_00366.jpg,0.1214622641509434,two_lines
images/video10_img_00367.jpg,0.08254716981132075,two_lines
images/video10_img_00368.jpg,0.08372641509433962,two_lines
images/video10_img_00369.jpg,0.07258254716981127,two_lines
images/video10_img_00370.jpg,0.027122641509433963,two_lines
images/video10_img_00371.jpg,0.04481132075471698,two_lines
images/video10_img_00372.jpg,0.049528301886792456,two_lines
images/video10_img_00373.jpg,0.04009433962264151,two_lines
images/video10_img_00374.jpg,0.041273584905660375,two_lines
images/video10_img_00375.jpg,0.07075471698113207,two_lines
images/video10_img_00376.jpg,0.060141509433962265,two_lines
images/video10_img_00377.jpg,0.0660377358490566,two_lines
images/video10_img_00378.jpg,0.0625,two_lines
images/video10_img_00379.jpg,0.09905660377358491,two_lines
images/video10_img_00380.jpg,0.009433962264150943,left_line_only
images/video10_img_00381.jpg,0.10849056603773585,two_lines
images/video10_img_00382.jpg,0.0023584905660377358,left_line_only
images/video10_img_00383.jpg,0.0023584905660377358,left_line_only
images/video10_img_00384.jpg,-0.06132075471698113,left_line_only
images/video10_img_00385.jpg,-0.06132075471698113,left_line_only
images/video10_img_00386.jpg,-0.0023584905660377358,left_line_only
images/video10_img_00387.jpg,0.07712264150943393,two_lines
images/video10_img_00388.jpg,0.07659198113207552,two_lines
images/video10_img_00389.jpg,-0.030660377358490566,left_line_only
images/video10_img_00390.jpg,0.08136792452830188,two_lines
images/video10_img_00391.jpg,0.08490566037735849,two_lines
images/video10_img_00392.jpg,0.0866155660377359,two_lines
images/video10_img_00393.jpg,-0.025943396226415096,left_line_only
images/video10_img_00394.jpg,-0.0047169811320754715,left_line_only
images/video10_img_00395.jpg,-0.0023584905660377358,left_line_only
images/video10_img_00396.jpg,0.09316037735849056,two_lines
images/video10_img_00397.jpg,0.09316037735849056,two_lines
images/video10_img_00398.jpg,-0.0589622641509434,left_line_only
images/video10_img_00399.jpg,0.08018867924528301,two_lines
images/video11_img_00000.jpg,-0.09080188679245282,two_lines
images/video11_img_00001.jpg,-0.09551886792452831,two_lines
images/video11_img_00002.jpg,-0.10731132075471699,two_lines
images/video11_img_00003.jpg,-0.11320754716981132,two_lines
images/video11_img_00004.jpg,-0.12617924528301888,two_lines
images/video11_img_00005.jpg,-0.1008254716981132,two_lines
images/video11_img_00006.jpg,-0.10731132075471699,two_lines
images/video11_img_00007.jpg,-0.10849056603773585,two_lines
images/video11_img_00008.jpg,-0.05778301886792453,two_lines
images/video11_img_00009.jpg,0.01650943396226415,two_lines
images/video11_img_00010.jpg,0.00589622641509434,two_lines
images/video11_img_00011.jpg,0.02240566037735849,two_lines
images/video11_img_00012.jpg,0.020047169811320754,two_lines
images/video11_img_00013.jpg,0.01768867924528302,two_lines
images/video11_img_00014.jpg,0.003537735849056604,two_lines
images/video11_img_00015.jpg,-0.00966981132075477,two_lines
images/video11_img_00016.jpg,0.030660377358490566,two_lines
images/video11_img_00017.jpg,0.01179245283018868,two_lines
images/video11_img_00018.jpg,0.02122641509433962,two_lines
images/video11_img_00019.jpg,0.02240566037735849,two_lines
images/video11_img_00020.jpg,0.020047169811320754,two_lines
images/video11_img_00021.jpg,0.01061320754716981,two_lines
images/video11_img_00022.jpg,0.008254716981132075,two_lines
images/video11_img_00023.jpg,0.0023584905660377358,two_lines
images/video11_img_00024.jpg,0.005365566037735796,two_lines
images/video11_img_00025.jpg,0.024764150943396228,two_lines
images/video11_img_00026.jpg,0.02022405660377356,two_lines
images/video11_img_00027.jpg,0.02240566037735849,two_lines
images/video11_img_00028.jpg,-0.01650943396226415,two_lines
images/video11_img_00029.jpg,-0.23938679245283018,two_lines
images/video11_img_00030.jpg,0.1792452830188679,two_lines
images/video11_img_00031.jpg,-0.0047169811320754715,two_lines
images/video11_img_00032.jpg,0.0047169811320754715,two_lines
images/video11_img_00033.jpg,-0.015330188679245283,two_lines
images/video11_img_00034.jpg,-0.025943396226415096,two_lines
images/video11_img_00035.jpg,-0.014150943396226415,two_lines
images/video11_img_00036.jpg,-0.0047169811320754715,two_lines
images/video11_img_00037.jpg,0.007075471698113208,two_lines
images/video11_img_00038.jpg,0.00589622641509434,two_lines
images/video11_img_00039.jpg,0.01061320754716981,two_lines
images/video11_img_00040.jpg,0.031839622641509434,two_lines
images/video11_img_00041.jpg,0.04245283018867924,two_lines
images/video11_img_00042.jpg,0.03419811320754717,two_lines
images/video11_img_00043.jpg,0.02358490566037736,two_lines
images/video11_img_00044.jpg,-0.00589622641509434,two_lines
images/video11_img_00045.jpg,0.009433962264150943,two_lines
images/video11_img_00046.jpg,0.01650943396226415,two_lines
images/video11_img_00047.jpg,0.01650943396226415,two_lines
images/video11_img_00048.jpg,0.03891509433962264,two_lines
images/video11_img_00049.jpg,0.04009433962264151,two_lines
images/video11_img_00050.jpg,0.01768867924528302,two_lines
images/video11_img_00051.jpg,-0.04834905660377359,two_lines
images/video11_img_00052.jpg,0.08490566037735849,two_lines
images/video11_img_00053.jpg,0.0660377358490566,two_lines
images/video11_img_00054.jpg,0.07900943396226415,two_lines
images/video11_img_00055.jpg,0.036556603773584904,two_lines
images/video11_img_00056.jpg,0.04481132075471698,two_lines
images/video11_img_00057.jpg,0.04363207547169811,two_lines
images/video11_img_00058.jpg,0.03419811320754717,two_lines
images/video11_img_00059.jpg,0.041273584905660375,two_lines
images/video11_img_00060.jpg,0.02358490566037736,two_lines
images/video11_img_00061.jpg,0.030660377358490566,two_lines
images/video11_img_00062.jpg,0.009433962264150943,two_lines
images/video11_img_00063.jpg,0.007075471698113208,two_lines
images/video11_img_00064.jpg,0.0047169811320754715,two_lines
images/video11_img_00065.jpg,-0.01061320754716981,two_lines
images/video11_img_00066.jpg,-0.017983490566037735,two_lines
images/video11_img_00067.jpg,-0.04245283018867924,two_lines
images/video11_img_00068.jpg,-0.05188679245283019,two_lines
images/video11_img_00069.jpg,0.03537735849056604,two_lines
images/video11_img_00070.jpg,0.03419811320754717,two_lines
images/video11_img_00071.jpg,0.0330188679245283,two_lines
images/video11_img_00072.jpg,0.03773584905660377,two_lines
images/video11_img_00073.jpg,0.041273584905660375,two_lines
images/video11_img_00074.jpg,0.04009433962264151,two_lines
images/video11_img_00075.jpg,0.0625,two_lines
images/video11_img_00076.jpg,0.031839622641509434,two_lines
images/video11_img_00077.jpg,0.060141509433962265,two_lines
images/video11_img_00078.jpg,0.08254716981132075,two_lines
images/video11_img_00079.jpg,0.06839622641509434,two_lines
images/video11_img_00080.jpg,0.07665094339622641,two_lines
images/video11_img_00081.jpg,-0.17570754716981132,two_lines
images/video11_img_00082.jpg,-0.14150943396226415,two_lines
images/video11_img_00083.jpg,-0.1945754716981132,two_lines
images/video11_img_00084.jpg,-0.2099056603773585,two_lines
images/video11_img_00085.jpg,-0.1320754716981132,two_lines
images/video11_img_00086.jpg,-0.11674528301886793,two_lines
images/video11_img_00087.jpg,0.04351415094339365,two_lines
images/video11_img_00088.jpg,0.024764150943396228,two_lines
images/video11_img_00089.jpg,0.018867924528301886,two_lines
images/video11_img_00090.jpg,0.03773584905660377,two_lines
images/video11_img_00091.jpg,0.0330188679245283,two_lines
images/video11_img_00092.jpg,0.04481132075471698,two_lines
images/video11_img_00093.jpg,0.06132075471698113,two_lines
images/video11_img_00094.jpg,0.007075471698113208,two_lines
images/video11_img_00095.jpg,-0.015330188679245283,two_lines
images/video11_img_00096.jpg,-0.13614386792453345,two_lines
images/video11_img_00097.jpg,-0.12853773584905662,two_lines
images/video11_img_00098.jpg,-0.10966981132075472,two_lines
images/video11_img_00099.jpg,-0.10966981132075472,two_lines
images/video11_img_00100.jpg,-0.08608490566037735,two_lines
images/video11_img_00101.jpg,-0.08372641509433962,two_lines
images/video11_img_00102.jpg,-0.06132075471698113,two_lines
images/video11_img_00103.jpg,-0.03891509433962264,two_lines
images/video11_img_00104.jpg,-0.01179245283018868,two_lines
images/video11_img_00105.jpg,0.003537735849056604,two_lines
images/video11_img_00106.jpg,0.0294811320754717,two_lines
images/video11_img_00107.jpg,0.04009433962264151,two_lines
images/video11_img_00108.jpg,0.04716981132075472,two_lines
images/video11_img_00109.jpg,0.0625,two_lines
images/video11_img_00110.jpg,0.08136792452830188,two_lines
images/video11_img_00111.jpg,0.10023584905660378,two_lines
images/video11_img_00112.jpg,0.09433962264150944,two_lines
images/video11_img_00113.jpg,0.10966981132075472,two_lines
images/video11_img_00114.jpg,0.125,two_lines
images/video11_img_00115.jpg,0.13797169811320756,two_lines
images/video11_img_00116.jpg,0.10023584905660378,two_lines
images/video11_img_00117.jpg,0.08018867924528301,two_lines
images/video11_img_00118.jpg,0.08136792452830188,two_lines
images/video11_img_00119.jpg,0.07900943396226415,two_lines
images/video11_img_00120.jpg,0.0695754716981132,two_lines
images/video11_img_00121.jpg,0.08962264150943396,two_lines
images/video11_img_00122.jpg,0.08608490566037735,two_lines
images/video11_img_00123.jpg,0.10259433962264151,two_lines
images/video11_img_00124.jpg,0.1733490566037736,two_lines
images/video11_img_00125.jpg,0.19221698113207547,two_lines
images/video11_img_00126.jpg,0.20518867924528303,two_lines
images/video11_img_00127.jpg,0.2028301886792453,two_lines
images/video11_img_00128.jpg,0.17806603773584906,two_lines
images/video11_img_00129.jpg,0.16391509433962265,two_lines
images/video11_img_00130.jpg,0.1733490566037736,two_lines
images/video11_img_00131.jpg,0.1875,two_lines
images/video11_img_00132.jpg,0.1942806603773585,two_lines
images/video11_img_00133.jpg,0.20518867924528303,two_lines
images/video11_img_00134.jpg,0.19221698113207547,two_lines
images/video11_img_00135.jpg,0.19221698113207547,two_lines
images/video11_img_00136.jpg,0.21391509433962275,two_lines
images/video11_img_00137.jpg,0.20636792452830188,two_lines
images/video11_img_00138.jpg,0.20707547169811324,two_lines
images/video11_img_00139.jpg,0.18396226415094338,two_lines
images/video11_img_00140.jpg,0.1721698113207547,two_lines
images/video11_img_00141.jpg,0.17128537735849056,two_lines
images/video11_img_00142.jpg,0.1474056603773585,two_lines
images/video11_img_00143.jpg,0.10966981132075472,two_lines
images/video11_img_00144.jpg,0.11910377358490566,two_lines
images/video11_img_00145.jpg,0.09316037735849056,two_lines
images/video11_img_00146.jpg,0.09433962264150944,two_lines
images/video11_img_00147.jpg,0.11202830188679246,two_lines
images/video11_img_00148.jpg,0.12028301886792453,two_lines
images/video11_img_00149.jpg,0.12028301886792453,two_lines
images/video11_img_00150.jpg,0.10259433962264151,two_lines
images/video11_img_00151.jpg,0.12382075471698113,two_lines
images/video11_img_00152.jpg,0.16037735849056603,two_lines
images/video11_img_00153.jpg,0.14504716981132076,two_lines
images/video11_img_00154.jpg,0.15683962264150944,two_lines
images/video11_img_00155.jpg,0.16745283018867924,two_lines
images/video11_img_00156.jpg,0.19339622641509435,two_lines
images/video11_img_00157.jpg,0.18985849056603774,two_lines
images/video11_img_00158.jpg,0.2134433962264151,two_lines
images/video11_img_00159.jpg,0.20872641509433962,two_lines
images/video11_img_00160.jpg,0.19899764150943397,two_lines
images/video11_img_00161.jpg,0.1875,two_lines
images/video11_img_00162.jpg,0.17688679245283018,two_lines
images/video11_img_00163.jpg,0.1650943396226415,two_lines
images/video11_img_00164.jpg,0.14858490566037735,two_lines
images/video11_img_00165.jpg,0.15212264150943397,two_lines
images/video11_img_00166.jpg,0.15330188679245282,two_lines
images/video11_img_00167.jpg,0.1507665094339623,two_lines
images/video11_img_00168.jpg,0.14858490566037735,two_lines
images/video11_img_00169.jpg,0.13968160377358496,two_lines
images/video11_img_00170.jpg,0.1332547169811321,two_lines
images/video11_img_00171.jpg,0.1320754716981132,two_lines
images/video11_img_00172.jpg,0.1320754716981132,two_lines
images/video11_img_00173.jpg,0.11674528301886793,two_lines
images/video11_img_00174.jpg,0.11084905660377359,two_lines
images/video11_img_00175.jpg,0.12264150943396226,two_lines
images/video11_img_00176.jpg,0.1320754716981132,two_lines
images/video11_img_00177.jpg,0.14150943396226415,two_lines
images/video11_img_00178.jpg,0.1403301886792453,two_lines
images/video11_img_00179.jpg,0.14150943396226415,two_lines
images/video11_img_00180.jpg,0.1474056603773585,two_lines
images/video11_img_00181.jpg,0.14150943396226415,two_lines
images/video11_img_00182.jpg,0.1179245283018868,two_lines
images/video11_img_00183.jpg,0.10495283018867925,two_lines
images/video11_img_00184.jpg,0.10495283018867925,two_lines
images/video11_img_00185.jpg,0.13797169811320756,two_lines
images/video11_img_00186.jpg,0.17399764150943392,two_lines
images/video11_img_00187.jpg,0.22995283018867924,two_lines
images/video11_img_00188.jpg,0.21933962264150944,two_lines
images/video11_img_00189.jpg,0.23820754716981132,two_lines
images/video11_img_00190.jpg,0.22877358490566038,two_lines
images/video11_img_00191.jpg,0.23938679245283018,two_lines
images/video11_img_00192.jpg,0.2358490566037736,two_lines
images/video11_img_00193.jpg,0.22287735849056603,two_lines
images/video11_img_00194.jpg,0.17099056603773585,two_lines
images/video11_img_00195.jpg,0.17688679245283018,two_lines
images/video11_img_00196.jpg,0.1733490566037736,two_lines
images/video11_img_00197.jpg,0.1875,two_lines
images/video11_img_00198.jpg,0.15919811320754718,two_lines
images/video11_img_00199.jpg,0.15683962264150944,two_lines
images/video11_img_00200.jpg,0.13089622641509435,two_lines
images/video11_img_00201.jpg,0.1403301886792453,two_lines
images/video11_img_00202.jpg,0.12971698113207547,two_lines
images/video11_img_00203.jpg,0.16627358490566038,two_lines
images/video11_img_00204.jpg,0.16863207547169812,two_lines
images/video11_img_00205.jpg,0.1580188679245283,two_lines
images/video11_img_00206.jpg,0.1792452830188679,two_lines
images/video11_img_00207.jpg,0.17452830188679244,two_lines
images/video11_img_00208.jpg,0.1733490566037736,two_lines
images/video11_img_00209.jpg,0.1391509433962264,two_lines
images/video11_img_00210.jpg,0.11438679245283019,two_lines
images/video11_img_00211.jpg,0.10023584905660378,two_lines
images/video11_img_00212.jpg,0.09551886792452831,two_lines
images/video11_img_00213.jpg,0.08254716981132075,two_lines
images/video11_img_00214.jpg,0.07900943396226415,two_lines
images/video11_img_00215.jpg,0.07429245283018868,two_lines
images/video11_img_00216.jpg,0.09080188679245282,two_lines
images/video11_img_00217.jpg,0.08490566037735849,two_lines
images/video11_img_00218.jpg,0.07075471698113207,two_lines
images/video11_img_00219.jpg,0.06132075471698113,two_lines
images/video11_img_00220.jpg,0.06485849056603774,two_lines
images/video11_img_00221.jpg,0.06538915094339628,two_lines
images/video11_img_00222.jpg,0.07547169811320754,two_lines
images/video11_img_00223.jpg,0.07783018867924528,two_lines
images/video11_img_00224.jpg,0.08083726415094335,two_lines
images/video11_img_00225.jpg,0.07075471698113207,two_lines
images/video11_img_00226.jpg,0.0660377358490566,two_lines
images/video11_img_00227.jpg,0.055424528301886794,two_lines
images/video11_img_00228.jpg,0.055424528301886794,two_lines
images/video11_img_00229.jpg,0.07181603773584648,two_lines
images/video11_img_00230.jpg,0.10377358490566038,two_lines
images/video11_img_00231.jpg,0.1179245283018868,two_lines
images/video11_img_00232.jpg,0.13443396226415094,two_lines
images/video11_img_00233.jpg,0.13089622641509435,two_lines
images/video11_img_00234.jpg,0.12853773584905662,two_lines
images/video11_img_00235.jpg,0.12971698113207547,two_lines
images/video11_img_00236.jpg,0.12382075471698113,two_lines
images/video11_img_00237.jpg,0.09669811320754718,two_lines
images/video11_img_00238.jpg,0.09551886792452831,two_lines
images/video11_img_00239.jpg,0.09905660377358491,two_lines
images/video11_img_00240.jpg,0.06485849056603774,two_lines
images/video11_img_00241.jpg,0.04009433962264151,two_lines
images/video11_img_00242.jpg,0.02122641509433962,two_lines
images/video11_img_00243.jpg,0.003537735849056604,two_lines
images/video11_img_00244.jpg,-0.00589622641509434,two_lines
images/video11_img_00245.jpg,-0.01768867924528302,two_lines
images/video11_img_00246.jpg,-0.020047169811320754,two_lines
images/video11_img_00247.jpg,-0.049233490566037735,two_lines
images/video11_img_00248.jpg,-0.06367924528301887,two_lines
images/video11_img_00249.jpg,-0.03537735849056604,two_lines
images/video11_img_00250.jpg,-0.04245283018867924,two_lines
images/video11_img_00251.jpg,-0.025943396226415096,two_lines
images/video11_img_00252.jpg,0.0023584905660377358,two_lines
images/video11_img_00253.jpg,0.015330188679245283,two_lines
images/video11_img_00254.jpg,0.024764150943396228,two_lines
images/video11_img_00255.jpg,0.03891509433962264,two_lines
images/video11_img_00256.jpg,0.04009433962264151,two_lines
images/video11_img_00257.jpg,0.05306603773584906,two_lines
images/video11_img_00258.jpg,0.06839622641509434,two_lines
images/video11_img_00259.jpg,0.07783018867924528,two_lines
images/video11_img_00260.jpg,0.08844339622641509,two_lines
images/video11_img_00261.jpg,0.09787735849056604,two_lines
images/video11_img_00262.jpg,0.11084905660377359,two_lines
images/video11_img_00263.jpg,0.11910377358490566,two_lines
images/video11_img_00264.jpg,0.12971698113207547,two_lines
images/video11_img_00265.jpg,0.1391509433962264,two_lines
images/video11_img_00266.jpg,0.13797169811320756,two_lines
images/video11_img_00267.jpg,0.14504716981132076,two_lines
images/video11_img_00268.jpg,0.14386792452830188,two_lines
images/video11_img_00269.jpg,0.13797169811320756,two_lines
images/video11_img_00270.jpg,0.15566037735849056,two_lines
images/video11_img_00271.jpg,0.15919811320754718,two_lines
images/video11_img_00272.jpg,0.15566037735849056,two_lines
images/video11_img_00273.jpg,0.16391509433962265,two_lines
images/video11_img_00274.jpg,0.16863207547169812,two_lines
images/video11_img_00275.jpg,0.18985849056603774,two_lines
images/video11_img_00276.jpg,0.19534198113207543,two_lines
images/video11_img_00277.jpg,0.20400943396226415,two_lines
images/video11_img_00278.jpg,0.19693396226415094,two_lines
images/video11_img_00279.jpg,0.2028301886792453,two_lines
images/video11_img_00280.jpg,0.18396226415094338,left_line_only
images/video11_img_00281.jpg,0.16037735849056603,left_line_only
images/video11_img_00282.jpg,0.10141509433962265,left_line_only
images/video11_img_00283.jpg,0.07311320754716981,left_line_only
images/video11_img_00284.jpg,0.02358490566037736,left_line_only
images/video11_img_00285.jpg,0.08136792452830188,two_lines
images/video11_img_00286.jpg,0.07281839622641509,two_lines
images/video11_img_00287.jpg,0.08738207547169814,two_lines
images/video11_img_00288.jpg,0.10849056603773585,two_lines
images/video11_img_00289.jpg,0.08372641509433962,two_lines
images/video11_img_00290.jpg,0.10731132075471699,two_lines
images/video11_img_00291.jpg,0.14150943396226415,two_lines
images/video11_img_00292.jpg,0.16745283018867924,two_lines
images/video11_img_00293.jpg,0.16037735849056603,left_line_only
images/video11_img_00294.jpg,0.15330188679245282,two_lines
images/video11_img_00295.jpg,0.13679245283018868,two_lines
images/video11_img_00296.jpg,0.13797169811320756,two_lines
images/video11_img_00297.jpg,0.13797169811320756,two_lines
images/video11_img_00298.jpg,0.12382075471698113,two_lines
images/video11_img_00299.jpg,0.11910377358490566,two_lines
images/video11_img_00300.jpg,0.10613207547169812,two_lines
images/video11_img_00301.jpg,0.09080188679245282,two_lines
images/video11_img_00302.jpg,0.09080188679245282,two_lines
images/video11_img_00303.jpg,0.10495283018867925,two_lines
images/video11_img_00304.jpg,0.10966981132075472,two_lines
images/video11_img_00305.jpg,0.1179245283018868,two_lines
images/video11_img_00306.jpg,0.11591981132075387,two_lines
images/video11_img_00307.jpg,0.12028301886792453,two_lines
images/video11_img_00308.jpg,0.12028301886792453,two_lines
images/video11_img_00309.jpg,0.1214622641509434,two_lines
images/video11_img_00310.jpg,0.12853773584905662,two_lines
images/video11_img_00311.jpg,0.12264150943396226,two_lines
images/video11_img_00312.jpg,0.12853773584905662,two_lines
images/video11_img_00313.jpg,0.11910377358490566,two_lines
images/video11_img_00314.jpg,0.1179245283018868,two_lines
images/video11_img_00315.jpg,0.13443396226415094,two_lines
images/video11_img_00316.jpg,0.1403301886792453,two_lines
images/video11_img_00317.jpg,0.1509433962264151,two_lines
images/video11_img_00318.jpg,0.1580188679245283,two_lines
images/video11_img_00319.jpg,0.16981132075471697,two_lines
images/video11_img_00320.jpg,0.1721698113207547,two_lines
images/video11_img_00321.jpg,0.15919811320754718,two_lines
images/video11_img_00322.jpg,0.16037735849056603,two_lines
images/video11_img_00323.jpg,0.1580188679245283,two_lines
images/video11_img_00324.jpg,0.16745283018867924,two_lines
images/video11_img_00325.jpg,0.16981132075471697,two_lines
images/video11_img_00326.jpg,0.18396226415094338,two_lines
images/video11_img_00327.jpg,0.18160377358490565,two_lines
images/video11_img_00328.jpg,0.1752358490566038,two_lines
images/video11_img_00329.jpg,0.18396226415094338,two_lines
images/video11_img_00330.jpg,0.18632075471698112,two_lines
images/video11_img_00331.jpg,0.18514150943396226,two_lines
images/video11_img_00332.jpg,0.16981132075471697,two_lines
images/video11_img_00333.jpg,0.17824292452830187,two_lines
images/video11_img_00334.jpg,0.14268867924528303,two_lines
images/video11_img_00335.jpg,0.17099056603773585,two_lines
images/video11_img_00336.jpg,0.16273584905660377,two_lines
images/video11_img_00337.jpg,0.15683962264150944,two_lines
images/video11_img_00338.jpg,0.15430424528301714,two_lines
images/video11_img_00339.jpg,0.14504716981132076,two_lines
images/video11_img_00340.jpg,0.1391509433962264,two_lines
images/video11_img_00341.jpg,0.1580188679245283,two_lines
images/video11_img_00342.jpg,0.10849056603773585,left_line_only
images/video11_img_00343.jpg,0.11084905660377359,left_line_only
images/video11_img_00344.jpg,0.11084905660377359,left_line_only
images/video11_img_00345.jpg,0.11084905660377359,left_line_only
images/video11_img_00346.jpg,0.14150943396226415,two_lines
images/video11_img_00347.jpg,0.1214622641509434,two_lines
images/video11_img_00348.jpg,0.1179245283018868,two_lines
images/video11_img_00349.jpg,0.11320754716981132,two_lines
images/video11_img_00350.jpg,0.10377358490566038,two_lines
images/video11_img_00351.jpg,0.09669811320754718,two_lines
images/video11_img_00352.jpg,0.08254716981132075,two_lines
images/video11_img_00353.jpg,0.08372641509433962,two_lines
images/video11_img_00354.jpg,0.07547169811320754,two_lines
images/video11_img_00355.jpg,0.07193396226415094,two_lines
images/video11_img_00356.jpg,0.054245283018867926,two_lines
images/video11_img_00357.jpg,0.04363207547169811,two_lines
images/video11_img_00358.jpg,0.03272405660377359,two_lines
images/video11_img_00359.jpg,0.027122641509433963,two_lines
images/video11_img_00360.jpg,0.025943396226415096,two_lines
images/video11_img_00361.jpg,0.02830188679245283,two_lines
images/video11_img_00362.jpg,0.031839622641509434,two_lines
images/video11_img_00363.jpg,0.0330188679245283,two_lines
images/video11_img_00364.jpg,0.02830188679245283,two_lines
images/video11_img_00365.jpg,0.027122641509433963,two_lines
images/video11_img_00366.jpg,0.02122641509433962,two_lines
images/video11_img_00367.jpg,0.03419811320754717,two_lines
images/video11_img_00368.jpg,0.036556603773584904,two_lines
images/video11_img_00369.jpg,0.018867924528301886,two_lines
images/video11_img_00370.jpg,0.020047169811320754,two_lines
images/video11_img_00371.jpg,0.041273584905660375,two_lines
images/video11_img_00372.jpg,0.031839622641509434,two_lines
images/video11_img_00373.jpg,-0.007075471698113208,two_lines
images/video11_img_00374.jpg,0.02830188679245283,two_lines
images/video11_img_00375.jpg,0.030660377358490566,two_lines
images/video11_img_00376.jpg,0.0330188679245283,two_lines
images/video11_img_00377.jpg,0.03419811320754717,two_lines
images/video11_img_00378.jpg,0.045990566037735846,two_lines
images/video11_img_00379.jpg,0.04009433962264151,two_lines
images/video11_img_00380.jpg,0.03419811320754717,two_lines
images/video11_img_00381.jpg,0.036556603773584904,two_lines
images/video11_img_00382.jpg,0.05660377358490566,two_lines
images/video11_img_00383.jpg,0.041273584905660375,two_lines
images/video11_img_00384.jpg,0.030660377358490566,two_lines
images/video11_img_00385.jpg,0.03419811320754717,two_lines
images/video11_img_00386.jpg,0.06367924528301887,two_lines
images/video11_img_00387.jpg,0.04363207547169811,two_lines
images/video11_img_00388.jpg,0.016568396226415042,two_lines
images/video11_img_00389.jpg,0.020047169811320754,two_lines
images/video11_img_00390.jpg,0.05306603773584906,two_lines
images/video11_img_00391.jpg,0.05070754716981132,two_lines
images/video11_img_00392.jpg,0.045990566037735846,two_lines
images/video11_img_00393.jpg,0.055424528301886794,two_lines
images/video11_img_00394.jpg,0.054245283018867926,two_lines
images/video11_img_00395.jpg,0.055424528301886794,two_lines
images/video11_img_00396.jpg,0.05778301886792453,two_lines
images/video11_img_00397.jpg,0.060141509433962265,two_lines
images/video11_img_00398.jpg,0.06839622641509434,two_lines
images/video11_img_00399.jpg,0.06839622641509434,two_lines
images/video11_img_00400.jpg,0.07311320754716981,two_lines
images/video11_img_00401.jpg,0.07665094339622641,two_lines
images/video11_img_00402.jpg,0.07665094339622641,two_lines
images/video11_img_00403.jpg,0.07783018867924528,two_lines
images/video11_img_00404.jpg,0.07193396226415094,two_lines
images/video11_img_00405.jpg,0.08018867924528301,two_lines
images/video11_img_00406.jpg,0.08254716981132075,two_lines
images/video11_img_00407.jpg,0.09433962264150944,two_lines
images/video11_img_00408.jpg,0.09433962264150944,two_lines
images/video11_img_00409.jpg,0.12382075471698113,two_lines
images/video11_img_00410.jpg,0.12382075471698113,two_lines
images/video11_img_00411.jpg,0.10849056603773585,two_lines
images/video11_img_00412.jpg,0.10731132075471699,two_lines
images/video11_img_00413.jpg,0.10849056603773585,two_lines
images/video11_img_00414.jpg,0.11674528301886793,two_lines
images/video11_img_00415.jpg,0.125,two_lines
images/video11_img_00416.jpg,0.1332547169811321,two_lines
images/video11_img_00417.jpg,0.16627358490566038,two_lines
images/video11_img_00418.jpg,0.1721698113207547,two_lines
images/video11_img_00419.jpg,0.1474056603773585,two_lines
images/video11_img_00420.jpg,0.1736438679245283,two_lines
images/video11_img_00421.jpg,0.15919811320754718,two_lines
images/video11_img_00422.jpg,0.1509433962264151,two_lines
images/video11_img_00423.jpg,0.12382075471698113,two_lines
images/video11_img_00424.jpg,0.13561320754716982,two_lines
images/video11_img_00425.jpg,0.14976415094339623,two_lines
images/video11_img_00426.jpg,0.15212264150943397,two_lines
images/video11_img_00427.jpg,0.14976415094339623,two_lines
images/video11_img_00428.jpg,0.12853773584905662,two_lines
images/video11_img_00429.jpg,0.09905660377358491,two_lines
images/video11_img_00431.jpg,0.04716981132075472,two_lines
images/video11_img_00435.jpg,0.04363207547169811,two_lines
